../dataset/extracted/2146da9bc0e27d7eb10983b7dd89f250fa0015ce284dde8f0bb6a79626d34a2a,1
../dataset/extracted/aad449dcfd2915cdae23b15062e34a78b21d929c584c18835c0f5dfaf9089a4a,0
../dataset/extracted/57d5cfdb3feabe56c9a81aaad0c3501aa147e5a9c2d274b14f80c6a3f3cc3d50,4
../dataset/extracted/9c74fd201f977dfad66c856a4967e1b65c2622a208ab69c5467a7498f1b5e22d,0
../dataset/extracted/2c5dd8a64437cb2dd4b6747139c61d2d7f53ab3ddedbf22df3cb01bae170715b,0
../dataset/extracted/58c39df99155017592abf60ec5a80a339f233bf1eb5dcf2ecf4a5b336cc56e58,0
../dataset/extracted/3ee093ba4872dc47d28b2437cc5fa404f69209339cc75e0d172b7fd38d324410,3
../dataset/extracted/af5182946b0a6bc0b457a048c133d5b23fa4ab2411f7833f0c5513a5994fc5f0,0
../dataset/extracted/1b449121300b0188ff9f6a8c399fb818d0cf53fd36cf012e6908a2665a27f016,0
../dataset/extracted/a80c2f39bf8f0c0c6745c4e0fa3c00aadbd6571229f92c3972b74cbd3706f3fd,0
../dataset/extracted/bc1c02ee6e4d533847e586205284c7cc4d69909b2bd9c6781c92c766384405f2,0
../dataset/extracted/40d45fb455cf2db58dda6a57d437e626d5d7d86d4598d4afccab0ac7ff6d6b3e,0
../dataset/extracted/4b49f929b50caf7ada60f5a1ded821695c75a4b703645af58ea06afb028a0058,0
../dataset/extracted/248e49b097f171116fca8e6c76691e19f8ba2d7e9dffa3ccf4932e48f24f2403,4
../dataset/extracted/35c08566dc38ad65e906b3683ace98e5beef855aeedc611a0317a72eee193539,1
../dataset/extracted/7e0dafedd01d09e66524f2345d652b29d3f634361c0a69e8d466dcbdfd0e3001,1
../dataset/extracted/60bdecb996414b57c9b5b059e1078a734bd56a6962c5c6b4d99edbe7740583af,4
../dataset/extracted/626eb96a340c865ea8ed721c94fac4504db147b0992e0190438b7cc144c05614,0
../dataset/extracted/6322e8bbb5a7cc542a7da0fb33a60fc7443bcbd8601b828c9c7f138c71cce090,1
../dataset/extracted/78e07f4cbbbf119e5dac565e764a4fc7cf2d1938e5948cea03ae3b597d63c34f,0
../dataset/extracted/aceca16c33ae8a73b1fd7699a8317d70d164df9744cb7e494834b9c1e457a768,0
../dataset/extracted/5d5c46a419861afe177d2c28e472a336d74b3554ef4724b7660628737fb6ada6,4
../dataset/extracted/bd9146a2dfb87cbb8b301917a21dbaa8a7de344f7dffd3899b74fe86eaf43350,0
../dataset/extracted/b4f755c91c2790f4ab9bac4ee60725132323e13a2688f3d8939ae9ed4793d014,1
../dataset/extracted/b01780388d276f49b4b55e42aea3dedbda5b62fc7bce21f733d3efdd8ed2cb6d,0
../dataset/extracted/e917166adf6e1135444f327d8fff6ec6c6a8606d65dda4e24c2f416d23b69d45,1
../dataset/extracted/d208de537f267c2f85ce4da78bd41692fb97371f1782d36c50072c190dd579e2,2
../dataset/extracted/d04a23eca16801dddaf33e0472c5bde5789e83b316737216eb8736e81d957452,4
../dataset/extracted/7eecb8af098ead93e9bf2d5a4e86ff3f172e94566d296f061971410036a22a0f,0
../dataset/extracted/239d71eadc647bad458c0115e55820b648e082db014937895f835601beb7e3b8,0
../dataset/extracted/d8cb812c19582e3f2aa58af4bd083481846b17664f44d8aba0f5a2b7f00d136c,0
../dataset/extracted/bce34c6e3de69a401257ebe9aed5fec7dc659011ce1606eed374b7a0ef71fff3,3
../dataset/extracted/98399d9fb20a469a6e2ec9afe1fade5d6989ae7851e30d8f5b6451b343c5b4ef,4
../dataset/extracted/4eb5a28d72f55c6e8d4d80c650547266e6c9aa0b2a73f9253f3cc2a61010886f,4
../dataset/extracted/27918191065aac256409634b25966a1e64f5d200cf98c7f78c679d9ccfb8ee25,3
../dataset/extracted/62e95aa7304ebba1d1e06645155a290d3adbd8e304f9c22f6287ac0556ee38ef,3
../dataset/extracted/2a2b92f73d6ec8c567a20cc8433b76a11f2b38a9abe98e568d974857dd06c2e1,4
../dataset/extracted/f09a3b82775cc0a87d775cb22483064ad5e3abb77929073a18220b2e62d2d142,0
../dataset/extracted/01468b1d3e089985a4ed255b6594d24863cfd94a647329c631e4f4e52759f8a9,1
../dataset/extracted/d4d79be85dc98f74088d6393a8fdf2b5d947ae4f279909af2aed0221dcecfe94,1
../dataset/extracted/f09b51ab1ef4c2dfbb0e6daae573921b93925d5f820b217f640e4c19cc15be6f,0
../dataset/extracted/ab3ee0f2914deb0098a2cbf756cf0fa06db71427a8c9b18a72942ef41014543e,0
../dataset/extracted/16bfdbbea405d961db3e57bbd3c90111a62a0b1aaeafcc996bd5b26f08f31418,0
../dataset/extracted/312dc69dd6ea16842d6e58cd7fd98ba4d28eefeb4fd4c4d198fac4eee76f93c3,0
../dataset/extracted/98ed964765ba84e04bbcd771c70ce91835a1af82c7571ac9e63e6ee35c7f7098,3
../dataset/extracted/c38e252bf82b1d155df0c354432c04db13130b9d7f33829833657b5371f48c82,4
../dataset/extracted/11f39889888c96ccb374a1df1cc53998761d08d148f6f6e941eacf0590728410,4
../dataset/extracted/197c5cc9bbdeb6643d808d908eb9db078eb9b23c96299cbafaa4b7313eb6bf4a,0
../dataset/extracted/8d168092d5601ebbaed24ec3caeef7454c48cf21366cd76560755eb33aff89e9,0
../dataset/extracted/324834d2339d57e0e598baed98ecb543a54a59fe904a77be79c44430b42f33e2,2
../dataset/extracted/2f24c7ccbd7a9e830ed3f9b3b7be7856e0cc8c1580082433cbe9bf33c86193c6,1
../dataset/extracted/bf34d6546a746970a6eb10f28a40a2a6059d89436f0d9d6c376048b6f2616003,0
../dataset/extracted/500fa112a204b6abb365101013a17749ce83403c30cd37f7c6f94e693c2d492f,1
../dataset/extracted/dad918f0056b7cc823fa23f270928a97728f471b523f6bb9957cb65a0a16b9d2,3
../dataset/extracted/0877c8623643ccced5a400aaaf0d13f687afbed382074c70f25d18b6c5af9a3d,0
../dataset/extracted/2b9457a4c157e61af2444eae7e4588488c528b6571b36a6d4299c85787f1aade,0
../dataset/extracted/d4f7260bc9ad79e18529e1a36348d171998c080a29018b1b2323bf1c42d12d87,0
../dataset/extracted/6c1f685fcb9a7485f7d9e4f2e97885902578db518a851a8f28e535e6a0408cec,4
../dataset/extracted/25ea29b10b3edf24179ca26cad69ff2c999b35a4401b6f21c377727f96058716,3
../dataset/extracted/c8d0136ae3d464d6584ccfd92956d7106f746273d3b054fdf46bcdf9841bfbf1,4
../dataset/extracted/c21eaadf9ffc62ca4673e27e06c16447f103c0cf7acd8db6ac5c8bd17805e39d,0
../dataset/extracted/cd185f4d231bb2535b83e80d5900525c977dc2f885c3d31c8663ac80ac2bcec3,4
../dataset/extracted/0ea750a8545252b73f08fe87db08376f789fe7e58a69f5017afa2806046380a5,1
../dataset/extracted/a4d6c323b26a53e57df12f4cbc7d4e7504f8feaf1fdfe5a58365cfeed485187a,2
../dataset/extracted/9793187d072e4dc2dcbd64e70428bba4b7aca7fe7db670bfff5fb9798d3fc594,3
../dataset/extracted/35d7e23eaf52269e31e8253328673a69a0a38a6d19d5ceb95081dea48e222d90,2
../dataset/extracted/18e8fb40c060d34cce03e7cff581d0d6e223bdfe98eb5f0c194cfd71b127ccd4,3
../dataset/extracted/f76dd93b10fc173eaf901ff1fb00ff8a9e1f31e3bd86e00ff773b244b54292c5,0
../dataset/extracted/4cc0adf4baa1e3932d74282affb1a137b30820934ad4f80daceec712ba2bbe14,0
../dataset/extracted/573bb412d9060ddf48433272f26f55e8e5215619b9be9d877848c48d444ec9f4,4
../dataset/extracted/950329c7023bc6900dafa8c6cfec95c584cf4a8e6b4702365e021a3f64eb3e97,3
../dataset/extracted/84ed59953f57f5927b9843f35ca3c325155d5210824d3b79b060755827b51f72,4
../dataset/extracted/c1622354d90ae2c7d84a7750dad4c5ff4929f0798ee1d4305721c321520545c2,3
../dataset/extracted/92dcb0d8394d0df1064e68d90cd90a6ae5863e91f194cbaac85ec21c202f581f,1
../dataset/extracted/98b6371c901856a12d1c6295c4026f93747d133f4e4969989d8de83fe9d6418f,0
../dataset/extracted/5c7efef3d8e3c13913f261425fb503df05d6246362c88c25ce2d41622fd58aef,0
../dataset/extracted/aded00e1dab93e15161dc14206d75eccfb4657c360e7e13b6101e00ef26e3399,0
../dataset/extracted/2791505621f65a3640d1f758a04dc095e71e16e213c824c65a2f38c0ac776051,4
../dataset/extracted/37bf2c811842972314956434449fd294e793b43c1a7b37cfe41af4fcc07d329d,1
../dataset/extracted/47780d2581be8ae1fc9b97b4b28544044b7b90cf76c4baa269f768f2440fc6d3,4
../dataset/extracted/73d3ae3798e4357e9a162911530f647dcb5f5e07aadad6c9e88a7237135daa56,0
../dataset/extracted/be655f5bc88bdf95989d6008111833dce476e5933cc24b7eaa073bbf7c3dbc5e,0
../dataset/extracted/f6b237a599a5445854c21de44dcc3dbe0eca60220262285bd799973ae5f70528,4
../dataset/extracted/be4fb3149fde2a18c68a3bb85084fff9212c5a717f89e4ed300929a4e2eb301d,0
../dataset/extracted/2b858e02724e24a06a105a4c1b25c5890be90fb81d37cce50dea7b075e167056,4
../dataset/extracted/9bc3bf4dfc9e5c7056f8a6fde94caf7efa98475a21e536c580390ced8e3a46fc,4
../dataset/extracted/49dca913ff5c4782e8f8fa2dfd161110bc5c8cd36c9ce8aa0efd1860ab668e6e,1
../dataset/extracted/28123038d24ef74a396a2a88700f947bfa72cdddd6bc56524c113a529a3423cd,0
../dataset/extracted/b31b27aa0808aea5b0e8823ecb07402c0c2bbf6818a22457e146c97f685162b4,1
../dataset/extracted/7a5e24d994acb0d8a4c9fa589af8d236e6cf772666fc6b8e44f194d9faf53827,4
../dataset/extracted/f94eb96f380a47bac95cb453e690ca78ae9ae1d078fbe2a433635a63bb73785b,0
../dataset/extracted/ac9c7ac457a605ff836eb6fe127eabc7a251dd73ea0a1fa59a591de30fa75d3f,1
../dataset/extracted/f5e8283b839820b7b47948beb8e326b4a0560547d4d986b5833080780fdfdd83,0
../dataset/extracted/6aa24766ff48239eed0ec20a8c2e05704650e73de941470cc053e1000bea6470,0
../dataset/extracted/0dc70c0f2ed18c813a89c59686f375787ba683b549b1e6bb9aee6ca33be64bfb,1
../dataset/extracted/36f53eb7ea9e049ab589b69f748e4098be5f51577c3b881cf95d7928d19fe68d,0
../dataset/extracted/c2e8121027b17ff77a8a0f612047f9c78599fb864873787ec35ec37c26407809,3
../dataset/extracted/ecb097f3367f0155887dde9f891ff823ff54ddfe5217cdbb391ea5b10c5a08dc,1
../dataset/extracted/4e0ff655fef261629efe30a79daf07c718f526b9e7cd23f9ba01f9c94f554064,2
../dataset/extracted/1c86bcc74684c2533026a8b4d9463ad4b5a1f30f6915ca19197b41e0cb893b77,1
../dataset/extracted/b754998e3ecc178f646a7e7fd1be16a3ef4b887449eeac8911b8a8e611b4b7f1,3
../dataset/extracted/bb546ff62175b2834602e515489fa18ab2e512af4150422d12d181a496a00050,4
../dataset/extracted/23e687a00f3cf28d58a7d4c0476c3d6c4b0c1eff82286b412164f2798caec1ff,0
../dataset/extracted/246543cc4a538472bed0626c159715a963e39dfc69d79f60c3ab227c62277016,1
../dataset/extracted/38bf13caca3efa84cf740cf9e9cd51933c7a285694f3f8ecc49df7e1768f2dbe,4
../dataset/extracted/42df046e2728ef98042283530a8b0ab7d70b3f819cb83fd560ce5ce5caa0c462,0
../dataset/extracted/782340af6a0257cd3cc31986455046e22198b9df78be5ca33745564949fbc6f2,0
../dataset/extracted/ecc5e2526ca32a447c862612b71c1db5675a759897e680573fa143ac0a8e662a,1
../dataset/extracted/593849098bd288b7bed9646e877fa0448dcb25ef5b4482291fdf7123de867911,1
../dataset/extracted/fe632654420af2189f6389f53e5c6b99d80b66c02db180f87b21a36ba4afee8c,0
../dataset/extracted/837485ae1a0d843692bac9f91ad3f3c77f576414c2f1abc477b053dbc3302939,0
../dataset/extracted/dbeb6f7ea2bcd7dc2d20006b9c5338b6f2e258129b439b406cdf7c239383babe,0
../dataset/extracted/24e11c80f1d4c1e9db654d54cc784db6b5f4a126f9fe5e26c269fdc4009c8f29,1
../dataset/extracted/cd9a0fffe1c02845a4b07f9d7a30c9ecd69194d05d20e30536feb0cdb469a960,4
../dataset/extracted/500157e76d8e7885385e4f52f3269adc5f68ec33ed04e850155f87884c384694,2
../dataset/extracted/d7dc425c79aaf63ad582786162609edd02ace53588133b7e41f0d4a79193f2cb,4
../dataset/extracted/fb0cb4527efc48c90a2cd3e9e46ce59eaa280c85c50d7b680c98bb159c27881d,1
../dataset/extracted/3f62c49c723f80a728f574d29c2104ea16bc63d6caf2331d19c56e7f8011c34e,0
../dataset/extracted/b217cc0ab459e802c8a91ccee045eaf30bd3648a8cc1d4a6907319e2ce806ede,2
../dataset/extracted/53c73973d20bd7b826697ba2548de7003adbb1708403f0c7e7861c95d94433ad,0
../dataset/extracted/94ee80dd4569d627da5c0af97a3668827495df37af8e6c4d46bb8729795da30c,4
../dataset/extracted/c45642a5e4616d99b1cf1c12ebaf836ac0b41572fbb013c3febadb7d8f75b2fb,0
../dataset/extracted/cca3eee2650d20cf1bf50b76e7f97a3b0e26caff3af8546462c92f2e73d730f9,0
../dataset/extracted/49ee7bdf97d611eaa03174d1ab304a8db27fa3fe188fc864d20459c92c9a7e93,4
../dataset/extracted/c5d3906f7c6f39c16bb9b3d8061026d06f8a6dbb9a363fb190cfa476abde6a76,0
../dataset/extracted/5cb7c19463750157304fe0488ae19d99d5abdb08da43ac9da43d0a4f7165a9a4,4
../dataset/extracted/feac6c86f3935313bb3373207f7182af619bc1a138a112f2803dbb67ef6e93ab,0
../dataset/extracted/78c33872142dae1492636bd321704c54e3b0fabb9937916d25d88ffe622d44fd,4
../dataset/extracted/cb630234494f2424d8e158c6471f0b6d0643abbdf2f3e378bc2f68c9e7bca9eb,1
../dataset/extracted/42fdf3714f5b2598e348ce4e6f57937f831fe6d3b3c6d975854f66407567dac5,0
../dataset/extracted/3c93f21e96a82a41ccb27cd1a9742b346f2294fced71736869761aaf95c829f5,0
../dataset/extracted/4bcb2a5d99297b30f8ff00e08cf7330d5e2f69fc602bb317bf8e9f703a137a99,1
../dataset/extracted/c51e54fd72c61d06b6952990db2025e8221fc4b0d26a3800b4101c7936803b3d,4
../dataset/extracted/2af4d338a3c7452042d18ad9106c7768fee2412b203a97709ed6be8336dcbb3e,3
../dataset/extracted/44f6d5d81661d7a56528de563e73bd0667e48393ff9edc26f8bc9443e4c4d6a8,0
../dataset/extracted/cede6f5a00830c6cd7bc2352fea9b3bdcc00488edc4d11018a8f3a41035fe52d,0
../dataset/extracted/1203b6f958a9795f1e2dd0803bd3363b9fd3df85339bbcbe7e018dd7f87c7358,3
../dataset/extracted/f2bd5037be985051e5d320107b1796bb9eb04387a2db8a094a2a5402841f8045,3
../dataset/extracted/1301e692b1b779614700082c44e246b4e61cdbbcf08ee655eb16622f61932760,4
../dataset/extracted/7b108c9a51643faa140edcad8b13b00c30c6fefdd21667318a24474cde44f796,0
../dataset/extracted/ce2c4dd21b99407bfa7066a6a57d180c00527e7db8ee52558c597550ac8b5d7c,1
../dataset/extracted/842da7dc7f3a93c3825d4567646244af2cc38870c07a98eaebf043b33eed0342,0
../dataset/extracted/a1015f0b99106ae2852d740f366e15c1d5c711f57680a2f04be0283e8310f69e,1
../dataset/extracted/5348206a0699cb27954e20eb3c48f23bb5d51fff05d250c732df341376c7caa2,4
../dataset/extracted/8b7427620d6537aa905727af48f7dec1e003a8b7c74d417f0a5ded7926a7d590,1
../dataset/extracted/6f6d7fe35d8e2b17bfd85752b46f2d20f71087231d8830fb5b614072b18813d2,0
../dataset/extracted/b79d96d863b5b0b885fb4d6d67ebe3edb3462396f051b849223fea78311e7881,3
../dataset/extracted/20ac1420eade0bdb464cd9f6d26a84094271b252c0650a7853721d8e928f6e6c,1
../dataset/extracted/e375d40412845c4476536307f28b64c0128e1cb88a3f505bafdcd013d542fa85,1
../dataset/extracted/a655f206209659007df2da3e0b08c1fedfdb3455d6a37e9721913fa04bfb6bd0,0
../dataset/extracted/d9aa14215a7bc827e192f33b19aa43cc3c701013bd9da4e38e060c50710948b5,4
../dataset/extracted/415f88765b88dd90e5b0502e4fa1408e06ac9552c7c8974a510e6e23a9756a45,1
../dataset/extracted/b2aa9bfc781973a766cf275836f9fa1cbc43b48e34c46e1d7e1774fc4db3cb6e,0
../dataset/extracted/6ad91e399eca4253b5871954aa23cf63b6ea2338a9e5c57e18cead0ab4b485c1,0
../dataset/extracted/a06897ba292b93123a89f4c53068c5afe14106e156207377736563fb7f40b001,4
../dataset/extracted/d12977012f7baca76be86967702d082a2236b3f77e8af56ffbb1b6e84e5afd25,3
../dataset/extracted/b8c4976c8edca381f729f50a33b33d75930e5f8fb790d70f11853adb91448176,4
../dataset/extracted/5699688d81cb45006b31e9a5ba71812dfe0cf303e6a7deaceb7beac19158aa63,3
../dataset/extracted/23b61d5cf710aa3b507eab972672572c6a3febb8f70fe81d35541b24cf6462f6,4
../dataset/extracted/c3a662712ca11bf8523f269c9dbd85fa3e1949bd28145a8b916b03488e3e588f,3
../dataset/extracted/a1669957257226ace07aa63b449ec895c42ed6a8458f872929ddbec5d3a9b5cc,4
../dataset/extracted/8941dc6cdab40b60a4e125cfbebcce1c8c420090ada5028d47c0fe989b444340,4
../dataset/extracted/651f11181cd61ef64f96379a009345fc9bc6d44572d25bd2a2397b3beebe4824,4
../dataset/extracted/e88f5bf4be37e0dc90ba1a06a2d47faaeea9047fec07c17c2a76f9f7ab98acf0,0
../dataset/extracted/0fcf248a159e054b7f910ce9331dede223a3c7687b466221048080a593936439,3
../dataset/extracted/c465238c9da9c5ea5994fe9faf1b5835767210132db0ce9a79cb1195851a36fb,0
../dataset/extracted/d0344d530a732b51b6a71c5b7aa3f86f16f434ef31074d6aa5803bfbc571b6d7,0
../dataset/extracted/8b05efa5c156a466c3da3b30bf9cd87178d635f51cdaf5f83eda4004a6007194,3
../dataset/extracted/7db13e12d16330b7249330b21ed93a3409748e5d53c509ada8f3eb484d69cf96,4
../dataset/extracted/36dacc9e50230061dd57615e49155726211e197cb7365ec72cbfdee29903c866,3
../dataset/extracted/56e48d2f715b1d28478c4b37dae0bf94f79078e45a69048b3dd24057c292db07,4
../dataset/extracted/172cd90fd9e31ba70e47f0cc76c07d53e512da4cbfd197772c179fe604b75369,0
../dataset/extracted/dcb81ee71b6ae491a1844833e2965551614850235b971e4088ca2100f114c2aa,4
../dataset/extracted/f072069098c0c41a9df58d5515a1b81fa891704df7329965e8e50815293955f8,3
../dataset/extracted/7deda5f2e2566894b662522601c1b77953f82bf4d4d161382bd3ed380d771645,4
../dataset/extracted/d6684a4aff4f0706c5a9818fb0b1a5f52cb22531c88d416e5950e28b67adfbdd,2
../dataset/extracted/f32cdc8ed6ed1787da7a9d7f9a4110deb419b4fbf20202ea752026abefa5951f,2
../dataset/extracted/5cd13a60c61de342ab1c4bdf541c700fe1dd5cdab8867ee8955ebee823b0e739,3
../dataset/extracted/80ba8997067025dd830d49d09c57c0dcb1e2f303fa0e093069bd9cff29420692,0
../dataset/extracted/8ccfd254277b451df5011669be99302761f224fe282a05c450e5320b3c77f2d8,2
../dataset/extracted/f2ec4e6c59e621e82f6e0f8e683f4a525c498041a272011d0c3772d6716c5317,4
../dataset/extracted/014d68b2e2dc957c6b6fdabcd754780cf8f5aa223f38c31fd47d713d9cfd21f7,2
../dataset/extracted/8d587560c2e7448179625d563831e7d98ae27fa722918eef0e0485045181560e,0
../dataset/extracted/0f47573093859737935aa5ff31cde058718a816b321b0250451b99d04730cc10,1
../dataset/extracted/7cf636ef15ffdfec2f4d5209880183d0c44103d6557eced172124fd993a6d967,0
../dataset/extracted/f6fb9f851ac2ad81a9f990a75a663bd6ddcebdcfe6a3b7346300b4ba47ed6757,0
../dataset/extracted/1915f9ccdfd317ea8676208892b801b14ac056c339892f80e4aa1b575f35db1a,2
../dataset/extracted/a38e80eb727b011300fe7c6ec3ba2d47c6a66e464f66f7638466d13f48131869,3
../dataset/extracted/d81ba73f5ca9db62b0cba04add37cfda483d88486dba2458dc9c9aa80a9a7a18,0
../dataset/extracted/e889a265b732bb35ab22639db281430b9b8a5b1dd808950a3ae392b433acb4dd,0
../dataset/extracted/e506db752ae734bb18abf14a1399ec98b7521e23968aaab26fc8102fb78a2948,3
../dataset/extracted/f7b8f63ff2a67d36e06e342fb5897e8b433761ec98afc3b65ae7c13c2eede9d6,3
../dataset/extracted/1d48aa232e6535fd9344f0f0b1741dbef2bdbc137a06fe5f2caa15ed36811c70,1
../dataset/extracted/796857a191c722e043e113e980e2f75d8770687d8b6e520a5edeb00b4ea2d2aa,3
../dataset/extracted/e5f0a52ca24ca56f8e30da29cebd0bc0030c3a0f1c2ac54bcb1a09fe001b80aa,0
../dataset/extracted/da7f9bab52597e36d5b90881a7acc4f2b92b5addff24bf0e350a446c51a600a1,2
../dataset/extracted/9409444590a377e136092aa9d9fa7d2391fa5ea82735e6f6098acbb723c0baa0,4
../dataset/extracted/0c7197a94954fa6041de64a397f6145c5d43d9bc4e91f45a5c2a79a1661cef3b,3
../dataset/extracted/62082c6af516080115a3a2a255c89775529e63c57bc2441c89272de438427bd2,0
../dataset/extracted/9dfcf61ebc801c1f29f51e9b00156e7dc8585a6f6a3bc4ee766b7fdd4758d2dd,3
../dataset/extracted/98f400cceed112792e562728a4d66c7c18712684f4729014dbf6fdee2931eeb9,0
../dataset/extracted/ee6d534a4ac677932e70ccff3945a2c423215d5313307cb9241bb66001b03247,4
../dataset/extracted/ec7091913a753578f7485f6c22b73457c47862443fd4fe62709471aea1c8614b,0
../dataset/extracted/30ed11afe657695c221d2623bae7ae4e6361998c54b4655f4970cf069f65da22,0
../dataset/extracted/fd8b2ea9a2e8a67e4cb3904b49c789d57ed9b1ce5bebfe54fe3d98214d6a0f61,1
../dataset/extracted/8cad0a40dd87e5d77e5c939bd7ea838c3549c44b525e2f4a1227d53c4af925be,1
../dataset/extracted/3201b8a148880cd9348f4567f394e57c55e4aba7198dfff43658f4206c5cbf58,4
../dataset/extracted/c628d3f241865263a36d52ce14a10db3581eba1c20d005965fdb6cdf3e72127c,3
../dataset/extracted/85d75a3eddc2f849e1dee40b47629ea0d1e3a1da6ba3cd9078177bb61a63f4fd,1
../dataset/extracted/2c1e59d4273d76003d3a2481aa4c2fc6a1708fb255d20e14a66db417a417f422,3
../dataset/extracted/d54173be095b688016528f18dc97f2d583efcf5ce562ec766afc0b294eb51ac7,1
../dataset/extracted/7698f7b4698a2cf0103822e4ba8501a1c692ac9866ac08cb6d8576e9745dc04d,1
../dataset/extracted/f4f27a1732fc0b9b969c11a1adb3a462a56b4df64f93aea40dc9f301b3dafd5a,0
../dataset/extracted/c55cb6b42cfabf0edf1499d383817164d1b034895e597068e019c19d787ea313,0
../dataset/extracted/5ce17a2507528630348f999bd97c37f25c110e148689bd92dc58b8f6790b2c78,4
../dataset/extracted/05e2912f2a593ba16a5a094d319d96715cbecf025bf88bb0293caaf6beb8bc20,0
../dataset/extracted/2acc78ece9cb1a7865341e69fb72097a2debf2c82f41976554132bf6d3181c25,0
../dataset/extracted/0cccb9d951ba888c0c37bb0977fbb3682c09f9df1b537eede5a1601e744a01ad,1
../dataset/extracted/590d5e0858893951e22e392a7dad76b30765c8fd139ca288efeead9b86836237,0
../dataset/extracted/127f6a2692bf6350eb9c1ed2df1b2c078aaadfd8e892473f0032d1ab479c6344,4
../dataset/extracted/bec93b84ef8f4e33ac41f97faecf87d4e840c4f7a26433baa63405c8535c9e5e,0
../dataset/extracted/82fc44696d1c5ddfdd5338fcafb6a9dcf7a0796235cd58184d05a2f388ed7e9e,1
../dataset/extracted/6a95d2895362fc8657bc90d73d77e32f09b86699eb625905ddeb45ccd6b13c71,1
../dataset/extracted/200ba936cd229cce4dc0b45a6ab78a5a3e84c5884d56adcc41c7fa7d5b9c831a,0
../dataset/extracted/b1800cb1d4b755e05b0fca251b8c6da96bb85f8042f2d755b7f607cbeef58db8,1
../dataset/extracted/47c2d38e081abc652067262d0dec41cdf29b880d425fb6affd06c2a3ec5ed2fd,4
../dataset/extracted/5d731406a57beb742a69105397a9db85f5cfccf38a2cb939e45d0e0309281d5b,0
../dataset/extracted/643a99f14cfe5b4a9ca9dd5a30480ee9c115e2dd82478a725f20988241958a67,0
../dataset/extracted/03b96ab568d5a4a8d53ee14b6a571bf0fd5de50b6db02555420de7cf3d9737e9,4
../dataset/extracted/5f2307cd0c97c7fc63a2a3816ce62c493d0259dcaa0c8b0bfc7d39c4ce89b38f,0
../dataset/extracted/00be6858156b0be404b4fa4852ffc550c25565236beaa4cb13ffe288bcb48d8e,0
../dataset/extracted/4db982abfb154778ac32fc5146c49a8e4fb9d13dd341f52f7c4aaf6fed48a40a,0
../dataset/extracted/ec49400e70c02a884a5df74ca99690886ec2d528e200c42dbdf057fd9b7f87f8,1
../dataset/extracted/fa63a1c6e692c90a90dba6d8c566b2ed0a094a82e58f6f65cbdca5b8aa0d8052,4
../dataset/extracted/deaf20dce2aa4ba813396195db2dd1ff436a1ae8d740684a0f128fb9730f13d2,0
../dataset/extracted/9c13a32033bc7dd06016651b0f21a2bed9be1dc40c6879f925c71e05f4f1c8f7,1
../dataset/extracted/5c17dcdb2a4f7450a9e0137584cde844f323bd6b570275181282bd0e8e4a5d85,0
../dataset/extracted/4b12187e239b9089047eea0b718cccab6f89597e03d5bd33dcbc8c7266b0c707,3
../dataset/extracted/a48483ba46e070c34b11c3b34e22b44d1bf783ae3e07c43d48eb6fb276690eab,0
../dataset/extracted/3d3e504e77918ba95a585c9d6e7baea3461109cda37c2545b2f9e5d619a1bbbe,4
../dataset/extracted/56a1513bcf959d5df3ff01476ddb4b158ce533658ab7d8dd439324b16f193ac2,1
../dataset/extracted/800d6760b293cd2e33128cff0e08e1000a53ab91c3ba05e6e1577a9490899b59,4
../dataset/extracted/3e889cd495e008760fd12751d6d45cadf8a7280c4545f2ebe469f84b9b77c835,1
../dataset/extracted/5a07e6943e800d7951603b5a2dae22fd5b022fffa5f820ed1212820e2c357b0d,0
../dataset/extracted/e3cb14970160faf8181481af8c7d830f31b91d4a7ea95bb2891fbfccb6e43a87,2
../dataset/extracted/6ccd6e3ff2187d0dd6089fb20e56907f96c8e29a4be3ea82e53d92cf2b91c040,4
../dataset/extracted/8caf29e6d85caa9f3261d1fcf8e146fb73a21d4f91007d13fb99c83f023facc1,0
../dataset/extracted/778568b44e13751800bf66c17606dfdfe35bebbb94c8e6e2a2549c7482c33f7a,1
../dataset/extracted/099524703c250d1d1a16288dbd2f425d6cd0491f608e207a82f239b39bb26b7e,1
../dataset/extracted/b7872290479a97f86d1f2e4d2e8a9d0041ac201178ec54a3b1b9345e849b60aa,0
../dataset/extracted/022224bfad26bab87cf5f4b17981a4224ef8fa6919520b3bc2946234efda1e11,3
../dataset/extracted/53483cac73b9aeb9985d4408226eb1ef031b8b882df8d8a3872308d33d3be705,4
../dataset/extracted/f806fe83eecb5ca990c4fe4b344ec52367480faa12f99432743af32193d54c36,2
../dataset/extracted/0ce3bfa972ced61884ae7c1d77c7d4c45e17c7d767e669610cf2ef72b636b464,1
../dataset/extracted/f9f2b38e11402b56fe05127bf0e688d74bb6e55834b93b7a0f6c61174670177a,0
../dataset/extracted/ddab96e4a8e909065e05c4b6a73ba351ea45ad4806258f41ac3cecbcae8671a6,1
../dataset/extracted/4db135ae885aafd399ef1f8981b57ef05d4b20e754455b1098144d7c05d9a5af,4
../dataset/extracted/bead710db3df029cb39f9ad8a42620d05c44ee45a6fc80bdc9f75684954cd55f,0
../dataset/extracted/5130f600cd9a9cdc82d4bad938b20cbd2f699aadb76e7f3f1a93602330d9997d,1
../dataset/extracted/5bb956a9ae970bde4b273f33fc2424882174c0c70205dc191b2dd479a218a947,0
../dataset/extracted/830ee990a6d4aaf00bb051704c93b468792561e8dd6a6ed4662f6032d38dd37a,1
../dataset/extracted/cc6e2af726af692a9364185c0854b2560e899d8d9fd4b54d514d2df7d2676cd4,4
../dataset/extracted/ba15081f01bdc87dbe07329445c2b885fa4f6b9f3a775f369563897505e2ab4e,0
../dataset/extracted/27749a468b5d1bbcfb714b6276b2a5e7be5b460396243afe304b959bb687441e,4
../dataset/extracted/3a1c3a39b7104f95d23ab68ed8ed7d4e3e61f165de7ff90bea14ca039938be60,3
../dataset/extracted/c73f01790f1b4353a1df823c50ce23233e54fc3535ce921587d194d02bc778c9,2
../dataset/extracted/4b6505e6420b0dd6c69bdba65b0d0de63a13f6cc3ad7cad562d23aba878c54a7,3
../dataset/extracted/8fa3a56e3cfd923c32cb3c524bfd9525c7ea6e4dfa27872ed92cdd28474062e3,0
../dataset/extracted/44dd352d0e6837e5e30b0c035a9a4c336a16f279d04d10cb7e678a9dd026fe36,0
../dataset/extracted/86ec4738c2625220a6f87caac14b315743de7058e971e6338230b1a64996e675,4
../dataset/extracted/ece1610907c50cdeaf158d0ec13aa8b4aa31a8b831db8d3791da1e35296aa527,0
../dataset/extracted/f44bead117d2cf34b8e50b81c82fbd1b938b94387cdf84386ace46b1f3b5df1a,1
../dataset/extracted/c82e2202947ba1b6e8f4cf4849d2f39158c913522ff66ee724792d04bd0dbbe3,0
../dataset/extracted/f9612fd688b9acd67e2da56c3f953c0681fbd227f6048b09ec0252dfe104e903,0
../dataset/extracted/3afdf6103f65bac8a75c614ca61d6f99697dd58116e53281bb4f4f79fefb8bf0,0
../dataset/extracted/1ba99d553582cc6b6256276a35c2e996e83e11b39665523f0d798beb91392c90,1
../dataset/extracted/c2539cb0495fc09f1ba8b29c6eec17af61f502d4406cc214a0ee65211441efba,0
../dataset/extracted/beb9ecc06e1e753224511a52ab36bf7144d2cbbf0d0fcfdb5962897a4c91d861,0
../dataset/extracted/d07a802eb6d2c296c3f1bc726b5a716c4a7d8e97053c53e81658a31f969e6ce7,1
../dataset/extracted/003315b0aea2fcb9f77d29223dd8947d0e6792b3a0227e054be8eb2a11f443d9,3
../dataset/extracted/55a48d18d84f9c95d24fa263972e320b32cda84247bf0e4fa505f138033ec4f3,4
../dataset/extracted/1c5e3ba213706b8369ca64993ac46740f5004c8572de2462608ecb0977c51614,0
../dataset/extracted/3649ba44c8bfa4652e21d86f48ac37cc78853b3b441b1cf6c87904a7f89a5ae3,4
../dataset/extracted/b1e5553b9d2c27bff944e30511b0b6dbd1ea386120875309da855f66e1a653e6,4
../dataset/extracted/81efa9754c1936969072487bad0aa880363f980db32966ef2a9c0607a04ab943,3
../dataset/extracted/1efbbbc1d4a4595a9c3788417d3210454f8f5f727fcfcc5513d448989510a0b6,2
../dataset/extracted/e962c47879075ac0f7350c5abbfa89153197e458bb16ea3343c961b2a3bf3962,4
../dataset/extracted/76b3f7186bd9e6b24b708fdcd9283b824c1b42f562979e28e5d1291e56090770,0
../dataset/extracted/858ae3350ac3f7fc6ce235536e70b9eee1aef8df95fdc5d90bf67b825171e89a,2
../dataset/extracted/74b21c62899cd33d8e7ec9de588626b65656b19af814b9c56d23da7969bc226a,0
../dataset/extracted/81d3f13409fb76f973fdb090b945eca7b2cdea16e5ee0d7bae70acb6bc90e5c1,3
../dataset/extracted/60cce954b7d0f3eb0a808e281623149485acd958c58f1dfac2416a954afb5b8e,0
../dataset/extracted/751f34b13e526b2acc3a9a855bff71ff47131f7b1ac01b29f83c1ebe8a465f9a,0
../dataset/extracted/3a3f50f69463fce29e3560e5eddcbc1366da47938d180c0930e53ea22d7385b2,0
../dataset/extracted/57ea0710204049b0e64ad6e013920911b230c034ab255c78326aaf2a00183418,0
../dataset/extracted/8f2b95a308ad613623901652610ae7a6202bc36a98f0a72d4f68635ca77a8dfc,4
../dataset/extracted/7f489a9493c233018342defc7e9140e1c8b6ecdc9d0baa31c9c0ee62c844272d,0
../dataset/extracted/de8184c6850d17f90e861309828af1f7b7e3b1695ebe5d303d3d4b6ef4ba1218,1
../dataset/extracted/9ad81024edaf1cbc28caa02051ab6ab6b7ca929cffa8a465d1bdaa452cf0b8f5,0
../dataset/extracted/ac36922d6758c8ec05c8834652de4922ae677f1025cdb2d6fe747ea4738174ac,0
../dataset/extracted/566ab945f61be016bfd9e83cc1b64f783b9b8deb891e6d504d3442bc8281b092,1
../dataset/extracted/0125b8f29f335a9ae6ed3f190dcfb920537515d4f1f9a0270862672e39f9e0ef,4
../dataset/extracted/ff4e12cf344ab0de04dac358e841907d4e9dc7cc286fd77f65e3246053ba3f8c,0
../dataset/extracted/1225de9af9f6b29985e9304fa1056b8c7da036215a5e054c0ff6d7129c91a59f,0
../dataset/extracted/9c1b6e78e61eff42724eb4d7b009636fea0fa69b830d94344019c0988ef2aebe,2
../dataset/extracted/7527c116de49e52e6c7c1c50a52b8eedf758fb88acd461e92c6fca02a9ea76ac,2
../dataset/extracted/328504863c94656f3312533435a2cd6fc58acc14cdd6640ed81bebb8b30d9266,0
../dataset/extracted/2381ef2fce6e8fa52e2f7717c893576f362c0cc54cc0ffa343a3902feead7784,2
../dataset/extracted/fb6e4912fca91d99a9747ad2c68ee82da60f787984fadf77aaab40dac7bed3eb,0
../dataset/extracted/c6f1a8f9ea60286b24db87d6022991a4342bea473a520569b996a5883332788c,0
../dataset/extracted/c3264bb0a7727fb96855676f042bf091aed2c4a862e8eb7fde4626748bd7a916,4
../dataset/extracted/666ab05ca31763d8d6984fa28993f43aa139375c53e40aefe1319badaa99605d,4
../dataset/extracted/c6892fbba2a4db782d50e4814bafa327266bb3024af01726ab11ed3964ea29b3,4
../dataset/extracted/1039f5492d975d1f215255397ebc2419fb136623682ee004e39970fe9b84dce3,0
../dataset/extracted/4c411718c6083506d89747cb2aa0eed045911730d1fc9f128be9e2c058eeb4ed,4
../dataset/extracted/c0b939598bf5913885b1837637f166fda09d932f3484525c8cbcc0b1efba2520,1
../dataset/extracted/cc08c6c000650dacf80deb89af139bc0cfdfef52abe8e67aba288ab2fa428f34,4
../dataset/extracted/329fd7731fe5e92d0e4faaa8d91c5d41758be01ec9e64a8fbb37ae5ae9f55ad3,0
../dataset/extracted/93bd2bf8a2335dcc07d2a3fe19c956151e3ae07aa045d2d39379e519ddd67f49,0
../dataset/extracted/d9798d324227eeb90b7d1134fe7d1e271e22ace3feac687fd49b34c48501b480,0
../dataset/extracted/f10e3c8ae94b4ee00f6a09e72a9051d682366dae58f3bb7a7aab9c9b99b7714c,4
../dataset/extracted/b29a16ec907997e523f97e77b885d4a8c19cb81b1abf6ee51eee54f37eecf3ff,1
../dataset/extracted/801a64a730fc8d80e17e59e93533c1455686ca778e6ba99cf6f1971a935eda4c,0
../dataset/extracted/a1b80abf76fe66c4a98d8f5e091ef5cab00ebbddf2aac9e1351d1c040568a0e7,0
../dataset/extracted/97df6218d014d3baec9fbd9db8d8636fb726386995aa9c71936a21db9724d54b,4
../dataset/extracted/3135b4246f0697f93d35ce2d251c5924edef493d77184f7e5f9e7edc1ab54a26,4
../dataset/extracted/b5c2e18a004b8a4644541710612baacef6ea882da493e4affd7e237a9404701e,4
../dataset/extracted/dfb116c2c4687fb27ec2c9252e9c5296708c0f201255b7abadaa68e488a60b2a,2
../dataset/extracted/39b3fd4fe8cd4514901b9ed762e74ede581dbbea9f8be7eb3a7f077af16035dc,3
../dataset/extracted/a31551902d2cbb7110a9f5f04bfba7269410850155dc6163c7bf8cad171ed68c,1
../dataset/extracted/cec276d144bfbcab47f8da03bf82b14d77debd7170c750885223a45f856fed42,0
../dataset/extracted/b13eb0eb3cddf1b2c22232952aa30c1f2b5c59e72c9626e9fbd52882cfc03a32,0
../dataset/extracted/b559db648890015393919ca029be5602eecc30e74b19fa495997f26894629820,3
../dataset/extracted/1eb9b6310dee86bab58848bd78d187655e5716d65986c61e81ebd19e677ea7ef,3
../dataset/extracted/b1edaade103f901e2bbf1f8a13cbfce149261ee2ce6d8540e15567fb52b3691c,4
../dataset/extracted/0b74282d9c03affb25bbecf28d5155c582e246f0ce21be27b75504f1779707f5,1
../dataset/extracted/20dafb37ef55c2e8ae7f08eb2ca8349b915383e357b8f82a94a696b13fb2bbef,4
../dataset/extracted/12e1139ef422c2c0884fb5b1786a8489c1769a96880a30406e4a28b76ea4a73a,1
../dataset/extracted/422343a0ebaaf5fdcb6e89698e362d74f76b0c9e167f4167e0face49eeb12805,3
../dataset/extracted/6392e0701a77ea25354b1f40f5b867a35c0142abde785a66b83c9c8d2c14c0c3,0
../dataset/extracted/6063049339486f8844f0c0650e8b1f11ff448e74a568a9a785ea9f98b4088e40,4
../dataset/extracted/3b2b1a923caaa15985d51d1cc560001b598e90d9c06982df93e4cc6201917449,0
../dataset/extracted/bb3529aa5312abbee0cfbd00f10c3f2786f452a2ca807f0acbd336602a13ac79,1
../dataset/extracted/bdf21d038d6a11e6b1406d8e0307a091fa11aa02dd28151b2f1366fca7d0f14a,4
../dataset/extracted/7fb1a6f23d30495ad7367d38aa763f36701cbc476c868fc9d37a946e9bc26d53,0
../dataset/extracted/8e28dcf7fd7ce1ad9a65c186e09a7843ee31af924509148f085958cadfdda8fb,1
../dataset/extracted/f2bf58bd7bdffbd645cf809cf650e1dcd4be9020b307ea1197c022abb406d530,4
../dataset/extracted/9d04b7a4cd3fcb3b9e6d22eda7689ed742137c5655987f9234f5ece019648c80,4
../dataset/extracted/1ce88e98c8b37ea68466657485f2c01010a4d4a88587ba0ae814f37680a2e7a8,0
../dataset/extracted/6c095b01ee712bbca41dc10d9bcc7875db2a87b1fa9a71f60b39d46f2b87983b,2
../dataset/extracted/b55e6e10a7f46c97cd247028287ea664bacf7ec7e500a4bf4f53c9dea7625426,1
../dataset/extracted/96377dbd06a57e63e8b3c6b18c92beb2b2e87c9aa155ec11bc7f24ec1e5d7699,0
../dataset/extracted/68e7f0efd22541e0d97eb709636b78268ae6f2464672dcb91a4f3d88dc4be019,0
../dataset/extracted/74eba8e156d1c05b633bbe22ae03064050938317957e3d70c28d492285f1d4d3,0
../dataset/extracted/e006642cbbf6940bfd8a0e97f0bfb2b5913314082b216bab8fd857bee14eda64,4
../dataset/extracted/fc61d8560de8bea8b131776193503274dbfbaa12a8b81df1fe1863278dd4a40d,4
../dataset/extracted/4efe96995fbf6b6398b515b5fca1b4c4e20b5c2a6fc2403d90a6f5b4debabaa2,4
../dataset/extracted/1cbe0698b30666ef959fc08416a9118d6d376fe732a1241fb1a6dc6d860229b4,4
../dataset/extracted/de83b1abb48913e8f7bdaf53351cf8a367c4bb83d166ac0667eea5e5af501525,0
../dataset/extracted/df013d3b048931a23dcc9db63e6b7d76dfc4373a3f41a274744179b6546e4cd1,0
../dataset/extracted/b3e9cdcba703539a82525d85d30353c230a4b289f6289f2e3d76b3d62388f4e7,4
../dataset/extracted/1520218fb4776e38bc9b880820ab97b4e6bff4a79cc5f284751011c2001d51cc,4
../dataset/extracted/7bca68f07452156848a09f32b0f46bf8156682cbd6fa442003b61d180923f331,4
../dataset/extracted/9fb87e132046201ca9db3bc1cf3da5967a2101c593206d4476d498d96567a85c,3
../dataset/extracted/962810f908daab4ed0796ff563433eb65a60507d23089ad4c9b25ccf2c8c7837,2
../dataset/extracted/4f7421106f0de54fe018c32323440b7297350183035dac271cb843da27f88041,0
../dataset/extracted/80179dc6e9a771e62fe957fc1a7e918a7673601fb8ef8040bd55125df03c0f51,4
../dataset/extracted/e214f08d95ac7a1ef1b9b99283723d17deb663eaf5f5fe5625bb81e88cff37d6,4
../dataset/extracted/2a93cf9550f3622f65b837c97ce2b2415f1c5f8cc764b2d634a5936feb73ce14,0
../dataset/extracted/5e7755b3bf9e3408771e14b40c79045ea311181e7dbd4b7f6f4122cff45924e8,3
../dataset/extracted/9d70c81774e5e255a161a9936368391373f67cd088dfbc28595eaed73c1e9bc8,4
../dataset/extracted/e575c39549529d79d3346a5bb09cf7b484083a83c56db65c5db686a41da9a2bc,0
../dataset/extracted/4dd8ab2471337a56b431433b7e8db2a659dc5d9dc5481b4209c4cddd07d6dc2b,1
../dataset/extracted/a9809c4464e571112467e5989d10b59b0af049e816dc3cb16f5b7128d5a3cda2,0
../dataset/extracted/f5caa7bc9098f04fcc8c14cb65943b8c2b711901f4732f6496617f13b8d2ef7a,0
../dataset/extracted/fbca50bc51b11ced93d40b0a9eb3fc2e5f97ed0e6dfc6fd56063d74c773c5eb0,4
../dataset/extracted/8d86c0985530271618a342579afd1a9ecb27dfb080866e3b888bd3e45e1eb8f5,1
../dataset/extracted/ba2e8bee0e14c1689cc2df494b92924c547fff8f95f0d36e8925db9c2c0db8e4,0
../dataset/extracted/2ae4cc6834e3679e99fc93d2f5fba02167a31cf5b68a5a9ca7aa1a4b9f7cb4ae,1
../dataset/extracted/5d411570fc456403797add124bcef890238c2c94c7997972db30121132e81a95,3
../dataset/extracted/8edfaade7dff71f46a20709abf21f543371de0ee61be7b6cec7817d8a170886a,0
../dataset/extracted/74eafbcfa04c25c916f93ca936a09d1945d893b116941a4061efe5f3b10e0b80,0
../dataset/extracted/5a9d84792a06b3d2037f567e0f57781722a950d485854cf5e4042cbdd51d82af,0
../dataset/extracted/898b9512b69e4a20ba031fdb658f29badb417c1ded3afc23f40c7284b35806e0,3
../dataset/extracted/02815b72ed3449fd6004e007940ea8a8ab09bae4132739a4c7c705c2db0a1f89,0
../dataset/extracted/e296104c0eba0abc17a161c8b5e9f5dd7c3adf98f0d6bed150706c2095b36741,4
../dataset/extracted/d7a159a8a84ab15a9a7572d7cab56b1a9de29aa0cb20aa3d7fc010f4c547ee1a,0
../dataset/extracted/99f0f7b125b80da09c178bd69d84b3b949fed2f8e81f13102c2c3f1eba0b4367,3
../dataset/extracted/be6bea22e909bd772d21647ffee6d15e208e386e8c3c95fd22816c6b94196ae8,0
../dataset/extracted/d892cac17339fcfe4aca03980b590bd029e519e4f92f46623bf4e862b9483fd3,0
../dataset/extracted/7d4e44037e53b6e5de45deb9ee4cf5921b52f8eb1073136f7c853e6f42516247,0
../dataset/extracted/6c0c3172ba927af3b3cb7a8dec90ba35a1e1d4f0b9086e1385de83c682860f73,0
../dataset/extracted/65fa52f632e4e83ff83120c7df6b90291025a76d5daeb183e814ec0b3bd2bd4e,1
../dataset/extracted/35415b9ebd464c190c3ab8dababaff19f39de32cdafc2bab442b7fa70d84aed7,0
