fn_list,y_true,y_pred,0,1,2,3,4
2146da9bc0e27d7eb10983b7dd89f250fa0015ce284dde8f0bb6a79626d34a2a,1,1,0.037569486,0.9204896,0.039683755,5.041379e-11,0.0022571436
aad449dcfd2915cdae23b15062e34a78b21d929c584c18835c0f5dfaf9089a4a,0,0,0.85068834,0.018888403,0.12813903,5.933676e-09,0.002284218
57d5cfdb3feabe56c9a81aaad0c3501aa147e5a9c2d274b14f80c6a3f3cc3d50,4,4,0.040097736,0.18751384,0.04790871,0.06927855,0.65520114
9c74fd201f977dfad66c856a4967e1b65c2622a208ab69c5467a7498f1b5e22d,0,0,0.94235337,0.009600464,0.047882143,4.8511697e-09,0.00016400783
2c5dd8a64437cb2dd4b6747139c61d2d7f53ab3ddedbf22df3cb01bae170715b,0,0,0.5937518,0.20902538,0.19657162,4.7809163e-11,0.0006511585
58c39df99155017592abf60ec5a80a339f233bf1eb5dcf2ecf4a5b336cc56e58,0,0,0.84352726,0.08636956,0.06942141,1.4018318e-10,0.0006817057
3ee093ba4872dc47d28b2437cc5fa404f69209339cc75e0d172b7fd38d324410,3,3,2.2710796e-05,3.3313327e-06,9.4764146e-05,0.99967647,0.00020270309
af5182946b0a6bc0b457a048c133d5b23fa4ab2411f7833f0c5513a5994fc5f0,0,0,0.5951527,0.021383034,0.38306955,7.76092e-09,0.0003947838
1b449121300b0188ff9f6a8c399fb818d0cf53fd36cf012e6908a2665a27f016,0,0,0.9040771,0.079331115,0.004333447,8.416848e-06,0.012249836
a80c2f39bf8f0c0c6745c4e0fa3c00aadbd6571229f92c3972b74cbd3706f3fd,0,0,0.8745949,0.0042212415,0.11972771,9.482962e-08,0.0014559644
bc1c02ee6e4d533847e586205284c7cc4d69909b2bd9c6781c92c766384405f2,0,0,0.88769317,0.009488197,0.10260142,1.7891192e-09,0.00021726993
40d45fb455cf2db58dda6a57d437e626d5d7d86d4598d4afccab0ac7ff6d6b3e,0,0,0.8129475,0.00993359,0.17547731,1.6239955e-08,0.0016415545
4b49f929b50caf7ada60f5a1ded821695c75a4b703645af58ea06afb028a0058,0,0,0.9896158,0.0015578731,0.00843182,4.0906972e-10,0.00039447544
248e49b097f171116fca8e6c76691e19f8ba2d7e9dffa3ccf4932e48f24f2403,4,4,2.1557253e-06,0.058107253,9.59194e-06,1.1823856e-07,0.9418809
35c08566dc38ad65e906b3683ace98e5beef855aeedc611a0317a72eee193539,1,1,0.020435888,0.9159543,0.048373662,7.162825e-09,0.015236073
7e0dafedd01d09e66524f2345d652b29d3f634361c0a69e8d466dcbdfd0e3001,1,1,0.0021668854,0.9949136,0.0028069809,1.3649557e-11,0.00011259148
60bdecb996414b57c9b5b059e1078a734bd56a6962c5c6b4d99edbe7740583af,4,4,0.0625201,0.26022494,0.06954466,0.074501954,0.5332084
626eb96a340c865ea8ed721c94fac4504db147b0992e0190438b7cc144c05614,0,0,0.99744534,0.0014151336,0.0011346334,3.453904e-12,5.0118806e-06
6322e8bbb5a7cc542a7da0fb33a60fc7443bcbd8601b828c9c7f138c71cce090,1,1,0.022091124,0.8726852,0.024685474,9.468968e-09,0.0805382
78e07f4cbbbf119e5dac565e764a4fc7cf2d1938e5948cea03ae3b597d63c34f,0,0,0.97952443,0.01684587,0.0035599214,4.133347e-11,6.982509e-05
aceca16c33ae8a73b1fd7699a8317d70d164df9744cb7e494834b9c1e457a768,0,0,0.9997981,6.1904815e-05,0.00013907175,6.8283647e-12,9.08033e-07
5d5c46a419861afe177d2c28e472a336d74b3554ef4724b7660628737fb6ada6,4,4,0.040097736,0.18751384,0.04790871,0.06927855,0.65520114
bd9146a2dfb87cbb8b301917a21dbaa8a7de344f7dffd3899b74fe86eaf43350,0,0,0.681896,0.15141608,0.16596459,1.036566e-10,0.0007232994
b4f755c91c2790f4ab9bac4ee60725132323e13a2688f3d8939ae9ed4793d014,1,1,0.27912438,0.55664724,0.16357425,7.277564e-11,0.0006540802
b01780388d276f49b4b55e42aea3dedbda5b62fc7bce21f733d3efdd8ed2cb6d,0,0,0.8519646,0.019180514,0.1260728,6.1748033e-09,0.0027821409
e917166adf6e1135444f327d8fff6ec6c6a8606d65dda4e24c2f416d23b69d45,1,1,0.17895345,0.5761473,0.24349461,2.8388694e-10,0.001404635
d208de537f267c2f85ce4da78bd41692fb97371f1782d36c50072c190dd579e2,2,0,0.7900688,0.0661184,0.14370765,1.2002875e-10,0.00010520851
d04a23eca16801dddaf33e0472c5bde5789e83b316737216eb8736e81d957452,4,4,0.0625201,0.26022494,0.06954466,0.074501954,0.5332084
7eecb8af098ead93e9bf2d5a4e86ff3f172e94566d296f061971410036a22a0f,0,0,0.74666196,0.17083797,0.07859845,1.6725068e-09,0.003901604
239d71eadc647bad458c0115e55820b648e082db014937895f835601beb7e3b8,0,0,0.99892694,0.0006993163,0.00036546367,3.0364586e-10,8.233942e-06
d8cb812c19582e3f2aa58af4bd083481846b17664f44d8aba0f5a2b7f00d136c,0,0,0.7968858,0.17451538,0.028458528,3.843918e-11,0.00014026708
bce34c6e3de69a401257ebe9aed5fec7dc659011ce1606eed374b7a0ef71fff3,3,3,2.2710796e-05,3.3313327e-06,9.4764146e-05,0.99967647,0.00020270309
98399d9fb20a469a6e2ec9afe1fade5d6989ae7851e30d8f5b6451b343c5b4ef,4,4,3.9423785e-06,0.027900705,1.5299225e-05,1.7866643e-07,0.9720799
4eb5a28d72f55c6e8d4d80c650547266e6c9aa0b2a73f9253f3cc2a61010886f,4,4,0.0625201,0.26022494,0.06954466,0.074501954,0.5332084
27918191065aac256409634b25966a1e64f5d200cf98c7f78c679d9ccfb8ee25,3,3,2.2710796e-05,3.3313327e-06,9.4764146e-05,0.99967647,0.00020270309
62e95aa7304ebba1d1e06645155a290d3adbd8e304f9c22f6287ac0556ee38ef,3,3,2.2710796e-05,3.3313327e-06,9.4764146e-05,0.99967647,0.00020270309
2a2b92f73d6ec8c567a20cc8433b76a11f2b38a9abe98e568d974857dd06c2e1,4,4,0.02806625,0.11116191,0.037660837,7.8293647e-07,0.8231103
f09a3b82775cc0a87d775cb22483064ad5e3abb77929073a18220b2e62d2d142,0,1,0.42632863,0.55740464,0.010154323,7.502586e-09,0.006112307
01468b1d3e089985a4ed255b6594d24863cfd94a647329c631e4f4e52759f8a9,1,1,0.118781194,0.8092665,0.04224727,8.6489993e-10,0.029705077
d4d79be85dc98f74088d6393a8fdf2b5d947ae4f279909af2aed0221dcecfe94,1,1,0.0037682853,0.9939659,0.0021016996,1.4275649e-11,0.0001641203
f09b51ab1ef4c2dfbb0e6daae573921b93925d5f820b217f640e4c19cc15be6f,0,0,0.95075893,0.04503554,0.004152164,2.815048e-11,5.3291144e-05
ab3ee0f2914deb0098a2cbf756cf0fa06db71427a8c9b18a72942ef41014543e,0,0,0.5657738,0.17191178,0.2612472,1.9694193e-10,0.0010671763
16bfdbbea405d961db3e57bbd3c90111a62a0b1aaeafcc996bd5b26f08f31418,0,0,0.7963972,0.010210545,0.19282253,3.3514203e-09,0.00056960055
312dc69dd6ea16842d6e58cd7fd98ba4d28eefeb4fd4c4d198fac4eee76f93c3,0,0,0.9519584,0.011763898,0.03609942,2.8153694e-08,0.0001782899
98ed964765ba84e04bbcd771c70ce91835a1af82c7571ac9e63e6ee35c7f7098,3,3,2.2710796e-05,3.3313327e-06,9.4764146e-05,0.99967647,0.00020270309
c38e252bf82b1d155df0c354432c04db13130b9d7f33829833657b5371f48c82,4,2,0.055397984,0.07986899,0.8509675,6.8805505e-08,0.013765408
11f39889888c96ccb374a1df1cc53998761d08d148f6f6e941eacf0590728410,4,4,0.014671238,0.06502585,0.27339205,1.0571507e-06,0.6469097
197c5cc9bbdeb6643d808d908eb9db078eb9b23c96299cbafaa4b7313eb6bf4a,0,0,0.76673925,0.011884954,0.22072898,1.9017692e-09,0.00064687047
8d168092d5601ebbaed24ec3caeef7454c48cf21366cd76560755eb33aff89e9,0,1,0.050225705,0.761325,0.18664408,1.2297533e-09,0.0018052211
324834d2339d57e0e598baed98ecb543a54a59fe904a77be79c44430b42f33e2,2,2,0.008689259,0.020917213,0.9703059,1.7992097e-10,8.751823e-05
2f24c7ccbd7a9e830ed3f9b3b7be7856e0cc8c1580082433cbe9bf33c86193c6,1,1,0.0017304622,0.99598134,0.0021853687,1.0601743e-11,0.00010277774
bf34d6546a746970a6eb10f28a40a2a6059d89436f0d9d6c376048b6f2616003,0,2,0.08570404,0.00072370045,0.9077918,0.0014138652,0.0043665334
500fa112a204b6abb365101013a17749ce83403c30cd37f7c6f94e693c2d492f,1,1,0.23559879,0.7140591,0.045329306,1.14479235e-07,0.0050126594
dad918f0056b7cc823fa23f270928a97728f471b523f6bb9957cb65a0a16b9d2,3,3,2.2710796e-05,3.3313327e-06,9.4764146e-05,0.99967647,0.00020270309
0877c8623643ccced5a400aaaf0d13f687afbed382074c70f25d18b6c5af9a3d,0,0,0.8256057,0.04452245,0.12944701,9.7725404e-11,0.0004247953
2b9457a4c157e61af2444eae7e4588488c528b6571b36a6d4299c85787f1aade,0,0,0.8176858,0.1152447,0.06684502,1.0779715e-10,0.00022451892
d4f7260bc9ad79e18529e1a36348d171998c080a29018b1b2323bf1c42d12d87,0,0,0.9738482,0.003277654,0.022857394,1.896858e-11,1.6717047e-05
6c1f685fcb9a7485f7d9e4f2e97885902578db518a851a8f28e535e6a0408cec,4,4,0.0002771468,0.0134078,0.005123915,3.282069e-08,0.9811911
25ea29b10b3edf24179ca26cad69ff2c999b35a4401b6f21c377727f96058716,3,3,2.2710796e-05,3.3313327e-06,9.4764146e-05,0.99967647,0.00020270309
c8d0136ae3d464d6584ccfd92956d7106f746273d3b054fdf46bcdf9841bfbf1,4,4,0.00014892279,0.05263507,8.034027e-05,8.269989e-08,0.9471356
c21eaadf9ffc62ca4673e27e06c16447f103c0cf7acd8db6ac5c8bd17805e39d,0,0,0.9453265,0.017757772,0.030683598,0.0035206,0.0027115366
cd185f4d231bb2535b83e80d5900525c977dc2f885c3d31c8663ac80ac2bcec3,4,4,0.040097736,0.18751384,0.04790871,0.06927855,0.65520114
0ea750a8545252b73f08fe87db08376f789fe7e58a69f5017afa2806046380a5,1,1,0.0018018937,0.9957164,0.0023772174,1.03525695e-11,0.00010457202
a4d6c323b26a53e57df12f4cbc7d4e7504f8feaf1fdfe5a58365cfeed485187a,2,0,0.6605583,0.014217671,0.3248293,9.318295e-09,0.0003947506
9793187d072e4dc2dcbd64e70428bba4b7aca7fe7db670bfff5fb9798d3fc594,3,3,2.2710796e-05,3.3313327e-06,9.4764146e-05,0.99967647,0.00020270309
35d7e23eaf52269e31e8253328673a69a0a38a6d19d5ceb95081dea48e222d90,2,2,0.03597505,0.010914748,0.9524966,2.5751061e-09,0.0006136378
18e8fb40c060d34cce03e7cff581d0d6e223bdfe98eb5f0c194cfd71b127ccd4,3,3,2.2710796e-05,3.3313327e-06,9.4764146e-05,0.99967647,0.00020270309
f76dd93b10fc173eaf901ff1fb00ff8a9e1f31e3bd86e00ff773b244b54292c5,0,0,0.9971507,0.0016107329,0.0012328447,3.8819815e-12,5.8314818e-06
4cc0adf4baa1e3932d74282affb1a137b30820934ad4f80daceec712ba2bbe14,0,0,0.9454061,0.0022068948,0.052330915,9.824685e-09,5.609952e-05
573bb412d9060ddf48433272f26f55e8e5215619b9be9d877848c48d444ec9f4,4,4,0.0012731651,0.017899752,0.028615214,6.67903e-08,0.9522118
950329c7023bc6900dafa8c6cfec95c584cf4a8e6b4702365e021a3f64eb3e97,3,3,2.2710796e-05,3.3313327e-06,9.4764146e-05,0.99967647,0.00020270309
84ed59953f57f5927b9843f35ca3c325155d5210824d3b79b060755827b51f72,4,4,0.004471357,0.016056608,0.0013635197,7.111014e-07,0.97810787
c1622354d90ae2c7d84a7750dad4c5ff4929f0798ee1d4305721c321520545c2,3,3,2.2710796e-05,3.3313327e-06,9.4764146e-05,0.99967647,0.00020270309
92dcb0d8394d0df1064e68d90cd90a6ae5863e91f194cbaac85ec21c202f581f,1,0,0.48567152,0.2936112,0.22050008,2.1663336e-10,0.00021719806
98b6371c901856a12d1c6295c4026f93747d133f4e4969989d8de83fe9d6418f,0,0,0.97461206,0.0040519703,0.021314044,1.6289775e-11,2.1861168e-05
5c7efef3d8e3c13913f261425fb503df05d6246362c88c25ce2d41622fd58aef,0,0,0.66526353,0.016431428,0.31492454,1.2663742e-08,0.00338048
aded00e1dab93e15161dc14206d75eccfb4657c360e7e13b6101e00ef26e3399,0,0,0.9522911,0.011032418,0.03477641,3.565974e-08,0.0019001054
2791505621f65a3640d1f758a04dc095e71e16e213c824c65a2f38c0ac776051,4,4,0.040097736,0.18751384,0.04790871,0.06927855,0.65520114
37bf2c811842972314956434449fd294e793b43c1a7b37cfe41af4fcc07d329d,1,0,0.8799248,0.016468532,0.09900372,5.3258673e-09,0.004602897
47780d2581be8ae1fc9b97b4b28544044b7b90cf76c4baa269f768f2440fc6d3,4,4,0.05787309,0.25303316,0.06823555,0.072510906,0.5483473
73d3ae3798e4357e9a162911530f647dcb5f5e07aadad6c9e88a7237135daa56,0,1,0.04861361,0.7091449,0.24025187,6.8805683e-10,0.0019896822
be655f5bc88bdf95989d6008111833dce476e5933cc24b7eaa073bbf7c3dbc5e,0,0,0.9672373,0.012570764,0.020158935,3.0386013e-11,3.308891e-05
f6b237a599a5445854c21de44dcc3dbe0eca60220262285bd799973ae5f70528,4,4,0.040097736,0.18751384,0.04790871,0.06927855,0.65520114
be4fb3149fde2a18c68a3bb85084fff9212c5a717f89e4ed300929a4e2eb301d,0,0,0.998038,0.0001149631,0.0018109708,2.4548624e-10,3.6221143e-05
2b858e02724e24a06a105a4c1b25c5890be90fb81d37cce50dea7b075e167056,4,2,0.08153824,0.15425414,0.383444,1.0510157e-06,0.38076258
9bc3bf4dfc9e5c7056f8a6fde94caf7efa98475a21e536c580390ced8e3a46fc,4,4,2.1557253e-06,0.058107253,9.59194e-06,1.1823856e-07,0.9418809
49dca913ff5c4782e8f8fa2dfd161110bc5c8cd36c9ce8aa0efd1860ab668e6e,1,1,0.04268048,0.90993273,0.046390455,1.3528545e-10,0.0009964396
28123038d24ef74a396a2a88700f947bfa72cdddd6bc56524c113a529a3423cd,0,0,0.98359525,0.0055600246,0.0075323572,4.040199e-10,0.0033122562
b31b27aa0808aea5b0e8823ecb07402c0c2bbf6818a22457e146c97f685162b4,1,4,0.07687835,0.32593375,0.08432265,0.06593919,0.44692606
7a5e24d994acb0d8a4c9fa589af8d236e6cf772666fc6b8e44f194d9faf53827,4,4,0.040097736,0.18751384,0.04790871,0.06927855,0.65520114
f94eb96f380a47bac95cb453e690ca78ae9ae1d078fbe2a433635a63bb73785b,0,0,0.97624356,0.0036298714,0.020111188,1.5426611e-11,1.5396703e-05
ac9c7ac457a605ff836eb6fe127eabc7a251dd73ea0a1fa59a591de30fa75d3f,1,1,0.16870499,0.7320321,0.09887195,3.5344876e-11,0.0003909439
f5e8283b839820b7b47948beb8e326b4a0560547d4d986b5833080780fdfdd83,0,2,0.23372045,0.031963214,0.73251086,1.3008174e-08,0.0018055078
6aa24766ff48239eed0ec20a8c2e05704650e73de941470cc053e1000bea6470,0,0,0.9986413,0.001119544,0.00023350095,4.4274844e-11,5.7219113e-06
0dc70c0f2ed18c813a89c59686f375787ba683b549b1e6bb9aee6ca33be64bfb,1,2,0.17442133,0.3448341,0.47947297,5.520454e-10,0.001271678
36f53eb7ea9e049ab589b69f748e4098be5f51577c3b881cf95d7928d19fe68d,0,1,0.38898358,0.4576009,0.14173138,6.228922e-09,0.011684147
c2e8121027b17ff77a8a0f612047f9c78599fb864873787ec35ec37c26407809,3,3,2.2710796e-05,3.3313327e-06,9.4764146e-05,0.99967647,0.00020270309
ecb097f3367f0155887dde9f891ff823ff54ddfe5217cdbb391ea5b10c5a08dc,1,1,0.0017359141,0.9959941,0.002168455,1.0355891e-11,0.000101663725
4e0ff655fef261629efe30a79daf07c718f526b9e7cd23f9ba01f9c94f554064,2,2,0.022812963,0.0032219607,0.97391164,5.1828673e-11,5.3424406e-05
1c86bcc74684c2533026a8b4d9463ad4b5a1f30f6915ca19197b41e0cb893b77,1,2,0.07540671,0.20305796,0.717014,1.4390555e-09,0.00452123
b754998e3ecc178f646a7e7fd1be16a3ef4b887449eeac8911b8a8e611b4b7f1,3,3,2.2710796e-05,3.3313327e-06,9.4764146e-05,0.99967647,0.00020270309
bb546ff62175b2834602e515489fa18ab2e512af4150422d12d181a496a00050,4,4,0.040097736,0.18751384,0.04790871,0.06927855,0.65520114
23e687a00f3cf28d58a7d4c0476c3d6c4b0c1eff82286b412164f2798caec1ff,0,0,0.87641674,0.07919517,0.044025924,1.0167336e-10,0.0003622416
246543cc4a538472bed0626c159715a963e39dfc69d79f60c3ab227c62277016,1,1,0.00042786697,0.9991534,0.00037924215,3.370042e-12,3.949616e-05
38bf13caca3efa84cf740cf9e9cd51933c7a285694f3f8ecc49df7e1768f2dbe,4,4,0.022477139,0.39959162,0.16157913,4.530126e-05,0.41630685
42df046e2728ef98042283530a8b0ab7d70b3f819cb83fd560ce5ce5caa0c462,0,1,0.08755715,0.88529843,0.02568037,5.053536e-11,0.001464063
782340af6a0257cd3cc31986455046e22198b9df78be5ca33745564949fbc6f2,0,0,0.98520017,0.011508301,0.003239299,3.4244774e-11,5.2212374e-05
ecc5e2526ca32a447c862612b71c1db5675a759897e680573fa143ac0a8e662a,1,1,0.008207127,0.9500023,0.032399897,4.0689856e-09,0.00939067
593849098bd288b7bed9646e877fa0448dcb25ef5b4482291fdf7123de867911,1,1,0.0039589964,0.9923563,0.0032150515,4.3916967e-11,0.0004697012
fe632654420af2189f6389f53e5c6b99d80b66c02db180f87b21a36ba4afee8c,0,0,0.95943564,0.002809232,0.03767245,9.2016283e-10,8.2729726e-05
837485ae1a0d843692bac9f91ad3f3c77f576414c2f1abc477b053dbc3302939,0,0,0.7657278,0.010759825,0.22324651,7.949166e-09,0.00026577374
dbeb6f7ea2bcd7dc2d20006b9c5338b6f2e258129b439b406cdf7c239383babe,0,0,0.8114508,0.120718665,0.06760468,1.0933881e-10,0.0002258443
24e11c80f1d4c1e9db654d54cc784db6b5f4a126f9fe5e26c269fdc4009c8f29,1,1,0.012806727,0.9734978,0.013190819,4.6981906e-12,0.00050473143
cd9a0fffe1c02845a4b07f9d7a30c9ecd69194d05d20e30536feb0cdb469a960,4,4,0.07249052,0.022006448,0.42594326,4.219351e-08,0.4795598
500157e76d8e7885385e4f52f3269adc5f68ec33ed04e850155f87884c384694,2,2,0.009797524,0.019148905,0.9709692,1.8866429e-10,8.434156e-05
d7dc425c79aaf63ad582786162609edd02ace53588133b7e41f0d4a79193f2cb,4,4,0.051763844,0.11415947,0.07691078,1.1903966e-07,0.7571658
fb0cb4527efc48c90a2cd3e9e46ce59eaa280c85c50d7b680c98bb159c27881d,1,4,0.07251128,0.30809918,0.07507657,0.07613888,0.46817407
3f62c49c723f80a728f574d29c2104ea16bc63d6caf2331d19c56e7f8011c34e,0,0,0.6979064,0.014952647,0.284054,1.0896697e-08,0.003086912
b217cc0ab459e802c8a91ccee045eaf30bd3648a8cc1d4a6907319e2ce806ede,2,2,0.090649344,0.03120034,0.87650007,7.189211e-09,0.001650231
53c73973d20bd7b826697ba2548de7003adbb1708403f0c7e7861c95d94433ad,0,4,4.0490053e-05,0.12933812,0.0002203075,2.0206362e-07,0.87040085
94ee80dd4569d627da5c0af97a3668827495df37af8e6c4d46bb8729795da30c,4,4,0.05787309,0.25303316,0.06823555,0.072510906,0.5483473
c45642a5e4616d99b1cf1c12ebaf836ac0b41572fbb013c3febadb7d8f75b2fb,0,2,0.40880787,0.048589647,0.53895974,1.4919234e-08,0.003642726
cca3eee2650d20cf1bf50b76e7f97a3b0e26caff3af8546462c92f2e73d730f9,0,0,0.9920204,0.0017994982,0.006171204,2.3641073e-11,8.880305e-06
49ee7bdf97d611eaa03174d1ab304a8db27fa3fe188fc864d20459c92c9a7e93,4,4,0.040097736,0.18751384,0.04790871,0.06927855,0.65520114
c5d3906f7c6f39c16bb9b3d8061026d06f8a6dbb9a363fb190cfa476abde6a76,0,0,0.95075893,0.04503554,0.004152164,2.815048e-11,5.3291144e-05
5cb7c19463750157304fe0488ae19d99d5abdb08da43ac9da43d0a4f7165a9a4,4,4,0.040097736,0.18751384,0.04790871,0.06927855,0.65520114
feac6c86f3935313bb3373207f7182af619bc1a138a112f2803dbb67ef6e93ab,0,2,0.40994853,0.10551832,0.48164877,2.2334678e-08,0.002884368
78c33872142dae1492636bd321704c54e3b0fabb9937916d25d88ffe622d44fd,4,4,0.00025513547,0.010790379,0.0059112776,3.652893e-08,0.98304313
cb630234494f2424d8e158c6471f0b6d0643abbdf2f3e378bc2f68c9e7bca9eb,1,1,0.3481014,0.5411491,0.108782575,4.135044e-10,0.0019669784
42fdf3714f5b2598e348ce4e6f57937f831fe6d3b3c6d975854f66407567dac5,0,0,0.9407547,0.012333421,0.046878085,1.8308997e-11,3.3787583e-05
3c93f21e96a82a41ccb27cd1a9742b346f2294fced71736869761aaf95c829f5,0,0,0.7444219,0.013656757,0.23893224,8.244508e-09,0.002989081
4bcb2a5d99297b30f8ff00e08cf7330d5e2f69fc602bb317bf8e9f703a137a99,1,1,0.026517076,0.71946245,0.25137848,1.02534606e-10,0.0026420283
c51e54fd72c61d06b6952990db2025e8221fc4b0d26a3800b4101c7936803b3d,4,1,0.0024298276,0.597523,0.0065049,2.512406e-05,0.39351717
2af4d338a3c7452042d18ad9106c7768fee2412b203a97709ed6be8336dcbb3e,3,3,2.2710796e-05,3.3313327e-06,9.4764146e-05,0.99967647,0.00020270309
44f6d5d81661d7a56528de563e73bd0667e48393ff9edc26f8bc9443e4c4d6a8,0,0,0.9234799,0.0038510046,0.0714503,4.4550326e-08,0.0012188184
cede6f5a00830c6cd7bc2352fea9b3bdcc00488edc4d11018a8f3a41035fe52d,0,0,0.97903436,0.012161223,0.0055702063,1.9434777e-10,0.0032343243
1203b6f958a9795f1e2dd0803bd3363b9fd3df85339bbcbe7e018dd7f87c7358,3,3,2.2710796e-05,3.3313327e-06,9.4764146e-05,0.99967647,0.00020270309
f2bd5037be985051e5d320107b1796bb9eb04387a2db8a094a2a5402841f8045,3,3,2.2710796e-05,3.3313327e-06,9.4764146e-05,0.99967647,0.00020270309
1301e692b1b779614700082c44e246b4e61cdbbcf08ee655eb16622f61932760,4,4,0.0625201,0.26022494,0.06954466,0.074501954,0.5332084
7b108c9a51643faa140edcad8b13b00c30c6fefdd21667318a24474cde44f796,0,0,0.9299365,0.006493136,0.05800312,1.5353272e-08,0.0055672475
ce2c4dd21b99407bfa7066a6a57d180c00527e7db8ee52558c597550ac8b5d7c,1,2,0.1656062,0.3411777,0.4858879,3.466787e-08,0.0073280944
842da7dc7f3a93c3825d4567646244af2cc38870c07a98eaebf043b33eed0342,0,0,0.56999147,0.0052314885,0.42351943,4.4590752e-08,0.0012575693
a1015f0b99106ae2852d740f366e15c1d5c711f57680a2f04be0283e8310f69e,1,1,0.03396543,0.95575714,0.01009447,4.071802e-11,0.00018295953
5348206a0699cb27954e20eb3c48f23bb5d51fff05d250c732df341376c7caa2,4,4,0.040097736,0.18751384,0.04790871,0.06927855,0.65520114
8b7427620d6537aa905727af48f7dec1e003a8b7c74d417f0a5ded7926a7d590,1,1,0.0187299,0.5689355,0.4088152,4.27236e-09,0.003519434
6f6d7fe35d8e2b17bfd85752b46f2d20f71087231d8830fb5b614072b18813d2,0,0,0.81815255,0.11479495,0.06682835,1.08160696e-10,0.00022420872
b79d96d863b5b0b885fb4d6d67ebe3edb3462396f051b849223fea78311e7881,3,3,2.2710796e-05,3.3313327e-06,9.4764146e-05,0.99967647,0.00020270309
20ac1420eade0bdb464cd9f6d26a84094271b252c0650a7853721d8e928f6e6c,1,0,0.798639,0.14616212,0.055015586,6.587825e-11,0.00018324281
e375d40412845c4476536307f28b64c0128e1cb88a3f505bafdcd013d542fa85,1,0,0.9983791,0.0005541485,0.00065856666,1.0816148e-09,0.000408235
a655f206209659007df2da3e0b08c1fedfdb3455d6a37e9721913fa04bfb6bd0,0,0,0.8494334,0.04008194,0.10994938,1.8357322e-09,0.0005352098
d9aa14215a7bc827e192f33b19aa43cc3c701013bd9da4e38e060c50710948b5,4,4,3.9423785e-06,0.027900705,1.5299225e-05,1.7866643e-07,0.9720799
415f88765b88dd90e5b0502e4fa1408e06ac9552c7c8974a510e6e23a9756a45,1,1,0.014600065,0.9508375,0.020660633,3.1588854e-09,0.013901723
b2aa9bfc781973a766cf275836f9fa1cbc43b48e34c46e1d7e1774fc4db3cb6e,0,1,0.10140641,0.806372,0.091880426,3.4059987e-11,0.00034116412
6ad91e399eca4253b5871954aa23cf63b6ea2338a9e5c57e18cead0ab4b485c1,0,0,0.97062993,0.012814874,0.01651734,2.8732693e-11,3.777955e-05
a06897ba292b93123a89f4c53068c5afe14106e156207377736563fb7f40b001,4,4,0.040097736,0.18751384,0.04790871,0.06927855,0.65520114
d12977012f7baca76be86967702d082a2236b3f77e8af56ffbb1b6e84e5afd25,3,3,2.2710796e-05,3.3313327e-06,9.4764146e-05,0.99967647,0.00020270309
b8c4976c8edca381f729f50a33b33d75930e5f8fb790d70f11853adb91448176,4,2,0.46541154,0.028050166,0.50621057,1.1940871e-08,0.00032775282
5699688d81cb45006b31e9a5ba71812dfe0cf303e6a7deaceb7beac19158aa63,3,3,2.2710796e-05,3.3313327e-06,9.4764146e-05,0.99967647,0.00020270309
23b61d5cf710aa3b507eab972672572c6a3febb8f70fe81d35541b24cf6462f6,4,4,0.11537958,0.33215243,0.07727254,0.04110008,0.43409535
c3a662712ca11bf8523f269c9dbd85fa3e1949bd28145a8b916b03488e3e588f,3,3,2.2710796e-05,3.3313327e-06,9.4764146e-05,0.99967647,0.00020270309
a1669957257226ace07aa63b449ec895c42ed6a8458f872929ddbec5d3a9b5cc,4,4,0.057828188,0.057225168,0.021721026,4.1492115e-07,0.86322516
8941dc6cdab40b60a4e125cfbebcce1c8c420090ada5028d47c0fe989b444340,4,4,0.013051826,0.063127585,0.26613712,1.092707e-06,0.6576824
651f11181cd61ef64f96379a009345fc9bc6d44572d25bd2a2397b3beebe4824,4,4,0.028493349,0.45700076,0.0111001255,3.280099e-05,0.50337297
e88f5bf4be37e0dc90ba1a06a2d47faaeea9047fec07c17c2a76f9f7ab98acf0,0,0,0.8072474,0.007015998,0.18353207,3.6849947e-08,0.0022044724
0fcf248a159e054b7f910ce9331dede223a3c7687b466221048080a593936439,3,3,2.2710796e-05,3.3313327e-06,9.4764146e-05,0.99967647,0.00020270309
c465238c9da9c5ea5994fe9faf1b5835767210132db0ce9a79cb1195851a36fb,0,2,0.021241454,0.008246184,0.95671093,3.5334537e-08,0.013801424
d0344d530a732b51b6a71c5b7aa3f86f16f434ef31074d6aa5803bfbc571b6d7,0,0,0.8512548,0.024738565,0.121066466,5.6657887e-09,0.002940095
8b05efa5c156a466c3da3b30bf9cd87178d635f51cdaf5f83eda4004a6007194,3,3,2.2710796e-05,3.3313327e-06,9.4764146e-05,0.99967647,0.00020270309
7db13e12d16330b7249330b21ed93a3409748e5d53c509ada8f3eb484d69cf96,4,4,3.934413e-06,0.027891189,1.5237318e-05,1.789277e-07,0.97208947
36dacc9e50230061dd57615e49155726211e197cb7365ec72cbfdee29903c866,3,3,2.2710796e-05,3.3313327e-06,9.4764146e-05,0.99967647,0.00020270309
56e48d2f715b1d28478c4b37dae0bf94f79078e45a69048b3dd24057c292db07,4,4,0.040097736,0.18751384,0.04790871,0.06927855,0.65520114
172cd90fd9e31ba70e47f0cc76c07d53e512da4cbfd197772c179fe604b75369,0,2,0.44300088,0.030358175,0.5211901,1.7261737e-08,0.0054508345
dcb81ee71b6ae491a1844833e2965551614850235b971e4088ca2100f114c2aa,4,4,4.58294e-05,0.07665147,3.8672137e-05,3.8915516e-08,0.923264
f072069098c0c41a9df58d5515a1b81fa891704df7329965e8e50815293955f8,3,3,2.2710796e-05,3.3313327e-06,9.4764146e-05,0.99967647,0.00020270309
7deda5f2e2566894b662522601c1b77953f82bf4d4d161382bd3ed380d771645,4,4,0.040158313,0.18885915,0.047899023,0.06931454,0.653769
d6684a4aff4f0706c5a9818fb0b1a5f52cb22531c88d416e5950e28b67adfbdd,2,4,0.0016270415,0.025792008,0.036260504,3.866488e-07,0.9363201
f32cdc8ed6ed1787da7a9d7f9a4110deb419b4fbf20202ea752026abefa5951f,2,2,0.065050766,0.22250685,0.7110395,4.9967404e-09,0.0014029441
5cd13a60c61de342ab1c4bdf541c700fe1dd5cdab8867ee8955ebee823b0e739,3,3,2.2710796e-05,3.3313327e-06,9.4764146e-05,0.99967647,0.00020270309
80ba8997067025dd830d49d09c57c0dcb1e2f303fa0e093069bd9cff29420692,0,4,0.074620366,0.29230353,0.08182463,0.07712213,0.47412938
8ccfd254277b451df5011669be99302761f224fe282a05c450e5320b3c77f2d8,2,2,0.035786197,0.03986076,0.9179746,1.7126418e-08,0.0063783806
f2ec4e6c59e621e82f6e0f8e683f4a525c498041a272011d0c3772d6716c5317,4,4,0.0017580973,0.06251149,0.0064388057,1.9071475e-06,0.9292897
014d68b2e2dc957c6b6fdabcd754780cf8f5aa223f38c31fd47d713d9cfd21f7,2,2,0.014764213,0.00719387,0.9780132,4.087308e-11,2.8734206e-05
8d587560c2e7448179625d563831e7d98ae27fa722918eef0e0485045181560e,0,0,0.97365046,0.018351996,0.0077135726,5.723701e-11,0.00028400513
0f47573093859737935aa5ff31cde058718a816b321b0250451b99d04730cc10,1,1,0.23399217,0.5026441,0.26153412,6.2279217e-09,0.0018295728
7cf636ef15ffdfec2f4d5209880183d0c44103d6557eced172124fd993a6d967,0,0,0.7325534,0.17740643,0.08977029,2.0303187e-10,0.00026996102
f6fb9f851ac2ad81a9f990a75a663bd6ddcebdcfe6a3b7346300b4ba47ed6757,0,0,0.87641674,0.07919517,0.044025924,1.0167336e-10,0.0003622416
1915f9ccdfd317ea8676208892b801b14ac056c339892f80e4aa1b575f35db1a,2,2,0.022745943,0.003211544,0.9739891,5.1966625e-11,5.3363678e-05
a38e80eb727b011300fe7c6ec3ba2d47c6a66e464f66f7638466d13f48131869,3,3,2.2710796e-05,3.3313327e-06,9.4764146e-05,0.99967647,0.00020270309
d81ba73f5ca9db62b0cba04add37cfda483d88486dba2458dc9c9aa80a9a7a18,0,0,0.89403176,0.016099887,0.08964116,1.11745405e-10,0.00022710768
e889a265b732bb35ab22639db281430b9b8a5b1dd808950a3ae392b433acb4dd,0,0,0.8514074,0.018282255,0.12752002,6.350552e-09,0.0027902876
e506db752ae734bb18abf14a1399ec98b7521e23968aaab26fc8102fb78a2948,3,3,2.2710796e-05,3.3313327e-06,9.4764146e-05,0.99967647,0.00020270309
f7b8f63ff2a67d36e06e342fb5897e8b433761ec98afc3b65ae7c13c2eede9d6,3,3,2.2710796e-05,3.3313327e-06,9.4764146e-05,0.99967647,0.00020270309
1d48aa232e6535fd9344f0f0b1741dbef2bdbc137a06fe5f2caa15ed36811c70,1,4,1.8219003e-05,0.077984504,6.2603256e-05,1.737281e-07,0.9219345
796857a191c722e043e113e980e2f75d8770687d8b6e520a5edeb00b4ea2d2aa,3,3,2.2710796e-05,3.3313327e-06,9.4764146e-05,0.99967647,0.00020270309
e5f0a52ca24ca56f8e30da29cebd0bc0030c3a0f1c2ac54bcb1a09fe001b80aa,0,1,0.27329537,0.47833446,0.15212382,9.448967e-08,0.09624624
da7f9bab52597e36d5b90881a7acc4f2b92b5addff24bf0e350a446c51a600a1,2,2,0.009825489,0.019312058,0.97077775,1.8785874e-10,8.46565e-05
9409444590a377e136092aa9d9fa7d2391fa5ea82735e6f6098acbb723c0baa0,4,4,0.05787309,0.25303316,0.06823555,0.072510906,0.5483473
0c7197a94954fa6041de64a397f6145c5d43d9bc4e91f45a5c2a79a1661cef3b,3,3,2.2710796e-05,3.3313327e-06,9.4764146e-05,0.99967647,0.00020270309
62082c6af516080115a3a2a255c89775529e63c57bc2441c89272de438427bd2,0,0,0.8597234,0.0238374,0.11639836,3.9333786e-11,4.086718e-05
9dfcf61ebc801c1f29f51e9b00156e7dc8585a6f6a3bc4ee766b7fdd4758d2dd,3,3,2.2710796e-05,3.3313327e-06,9.4764146e-05,0.99967647,0.00020270309
98f400cceed112792e562728a4d66c7c18712684f4729014dbf6fdee2931eeb9,0,0,0.82394874,0.11075257,0.06511438,4.2905374e-11,0.00018434526
ee6d534a4ac677932e70ccff3945a2c423215d5313307cb9241bb66001b03247,4,4,0.040097736,0.18751384,0.04790871,0.06927855,0.65520114
ec7091913a753578f7485f6c22b73457c47862443fd4fe62709471aea1c8614b,0,0,0.6821439,0.15038218,0.16674946,1.0452591e-10,0.0007244247
30ed11afe657695c221d2623bae7ae4e6361998c54b4655f4970cf069f65da22,0,0,0.718958,0.009052672,0.26901007,2.2824477e-08,0.0029792604
fd8b2ea9a2e8a67e4cb3904b49c789d57ed9b1ce5bebfe54fe3d98214d6a0f61,1,1,0.10625179,0.3782481,0.13825536,5.5491175e-05,0.3771892
8cad0a40dd87e5d77e5c939bd7ea838c3549c44b525e2f4a1227d53c4af925be,1,4,0.087580994,0.2912054,0.102830745,0.0712673,0.44711557
3201b8a148880cd9348f4567f394e57c55e4aba7198dfff43658f4206c5cbf58,4,4,0.00040594302,0.018112008,0.0016975474,4.865695e-08,0.9797845
c628d3f241865263a36d52ce14a10db3581eba1c20d005965fdb6cdf3e72127c,3,3,2.2710796e-05,3.3313327e-06,9.4764146e-05,0.99967647,0.00020270309
85d75a3eddc2f849e1dee40b47629ea0d1e3a1da6ba3cd9078177bb61a63f4fd,1,0,0.47717905,0.06305726,0.45737976,2.4779679e-08,0.0023839457
2c1e59d4273d76003d3a2481aa4c2fc6a1708fb255d20e14a66db417a417f422,3,3,2.2710796e-05,3.3313327e-06,9.4764146e-05,0.99967647,0.00020270309
d54173be095b688016528f18dc97f2d583efcf5ce562ec766afc0b294eb51ac7,1,1,0.30068707,0.5957958,0.102862164,4.4703768e-10,0.0006549574
7698f7b4698a2cf0103822e4ba8501a1c692ac9866ac08cb6d8576e9745dc04d,1,4,0.06822925,0.29407787,0.07907511,0.077838816,0.48077896
f4f27a1732fc0b9b969c11a1adb3a462a56b4df64f93aea40dc9f301b3dafd5a,0,0,0.5021523,0.084410295,0.4126151,9.442726e-09,0.000822281
c55cb6b42cfabf0edf1499d383817164d1b034895e597068e019c19d787ea313,0,0,0.87668175,0.039949935,0.08296179,1.3708407e-10,0.00040650042
5ce17a2507528630348f999bd97c37f25c110e148689bd92dc58b8f6790b2c78,4,4,0.020309135,0.11565841,0.0075278,1.8244648e-06,0.8565029
05e2912f2a593ba16a5a094d319d96715cbecf025bf88bb0293caaf6beb8bc20,0,2,0.18081693,0.29781592,0.51851964,1.0589762e-09,0.0028475313
2acc78ece9cb1a7865341e69fb72097a2debf2c82f41976554132bf6d3181c25,0,0,0.929258,0.03956037,0.024083173,2.2497133e-09,0.0070984373
0cccb9d951ba888c0c37bb0977fbb3682c09f9df1b537eede5a1601e744a01ad,1,4,0.06966585,0.2926513,0.083847575,0.074763216,0.47907197
590d5e0858893951e22e392a7dad76b30765c8fd139ca288efeead9b86836237,0,0,0.9728928,0.003084999,0.022824699,3.572451e-08,0.0011973582
127f6a2692bf6350eb9c1ed2df1b2c078aaadfd8e892473f0032d1ab479c6344,4,4,0.0625201,0.26022494,0.06954466,0.074501954,0.5332084
bec93b84ef8f4e33ac41f97faecf87d4e840c4f7a26433baa63405c8535c9e5e,0,0,0.9074695,0.05569392,0.03655404,7.209264e-11,0.0002825973
82fc44696d1c5ddfdd5338fcafb6a9dcf7a0796235cd58184d05a2f388ed7e9e,1,1,0.16143064,0.5465421,0.2834775,1.7855111e-09,0.00854969
6a95d2895362fc8657bc90d73d77e32f09b86699eb625905ddeb45ccd6b13c71,1,1,0.011313036,0.9576756,0.019848157,5.873299e-09,0.0111632245
200ba936cd229cce4dc0b45a6ab78a5a3e84c5884d56adcc41c7fa7d5b9c831a,0,1,0.027411573,0.76934975,0.20154358,7.132732e-11,0.0016951272
b1800cb1d4b755e05b0fca251b8c6da96bb85f8042f2d755b7f607cbeef58db8,1,1,0.015435096,0.97747964,0.0063159293,5.0880165e-11,0.00076924544
47c2d38e081abc652067262d0dec41cdf29b880d425fb6affd06c2a3ec5ed2fd,4,4,0.007960587,0.023080397,0.006675833,6.1097535e-07,0.9622826
5d731406a57beb742a69105397a9db85f5cfccf38a2cb939e45d0e0309281d5b,0,2,0.35701105,0.19931023,0.4402235,2.8341445e-08,0.003455192
643a99f14cfe5b4a9ca9dd5a30480ee9c115e2dd82478a725f20988241958a67,0,0,0.64152706,0.020896107,0.3370714,1.4608543e-08,0.0005053754
03b96ab568d5a4a8d53ee14b6a571bf0fd5de50b6db02555420de7cf3d9737e9,4,4,0.00011377741,0.1120054,8.274886e-05,5.5746785e-08,0.887798
5f2307cd0c97c7fc63a2a3816ce62c493d0259dcaa0c8b0bfc7d39c4ce89b38f,0,0,0.5276161,0.09276064,0.3787563,7.0294974e-09,0.00086695293
00be6858156b0be404b4fa4852ffc550c25565236beaa4cb13ffe288bcb48d8e,0,0,0.98520017,0.011508301,0.003239299,3.4244774e-11,5.2212374e-05
4db982abfb154778ac32fc5146c49a8e4fb9d13dd341f52f7c4aaf6fed48a40a,0,0,0.87641674,0.07919517,0.044025924,1.0167336e-10,0.0003622416
ec49400e70c02a884a5df74ca99690886ec2d528e200c42dbdf057fd9b7f87f8,1,2,0.07342328,0.2021944,0.71990615,1.407978e-09,0.0044761607
fa63a1c6e692c90a90dba6d8c566b2ed0a094a82e58f6f65cbdca5b8aa0d8052,4,4,0.040158313,0.18885915,0.047899023,0.06931454,0.653769
deaf20dce2aa4ba813396195db2dd1ff436a1ae8d740684a0f128fb9730f13d2,0,0,0.8863991,0.01236632,0.09953353,5.1364766e-09,0.0017009765
9c13a32033bc7dd06016651b0f21a2bed9be1dc40c6879f925c71e05f4f1c8f7,1,1,0.0014415107,0.98241824,0.011660009,6.8922906e-10,0.0044802255
5c17dcdb2a4f7450a9e0137584cde844f323bd6b570275181282bd0e8e4a5d85,0,2,0.40163493,0.11642774,0.47912824,2.1173657e-08,0.0028091301
4b12187e239b9089047eea0b718cccab6f89597e03d5bd33dcbc8c7266b0c707,3,3,2.2710796e-05,3.3313327e-06,9.4764146e-05,0.99967647,0.00020270309
a48483ba46e070c34b11c3b34e22b44d1bf783ae3e07c43d48eb6fb276690eab,0,0,0.95259976,0.0030408378,0.04425368,1.0716121e-09,0.00010557941
3d3e504e77918ba95a585c9d6e7baea3461109cda37c2545b2f9e5d619a1bbbe,4,2,0.06788077,0.21476474,0.57412744,1.932094e-08,0.14322703
56a1513bcf959d5df3ff01476ddb4b158ce533658ab7d8dd439324b16f193ac2,1,1,0.012579291,0.9763791,0.0019898585,7.4455365e-11,0.009051632
800d6760b293cd2e33128cff0e08e1000a53ab91c3ba05e6e1577a9490899b59,4,4,8.546978e-05,0.1505427,6.665433e-05,1.6728695e-08,0.84930515
3e889cd495e008760fd12751d6d45cadf8a7280c4545f2ebe469f84b9b77c835,1,1,0.0021136103,0.99022126,0.007517861,7.266577e-12,0.0001473094
5a07e6943e800d7951603b5a2dae22fd5b022fffa5f820ed1212820e2c357b0d,0,1,0.14296237,0.71645904,0.13837285,7.5749484e-10,0.002205837
e3cb14970160faf8181481af8c7d830f31b91d4a7ea95bb2891fbfccb6e43a87,2,2,0.018481066,0.054656077,0.9260675,2.7688235e-10,0.00079544156
6ccd6e3ff2187d0dd6089fb20e56907f96c8e29a4be3ea82e53d92cf2b91c040,4,4,2.1557253e-06,0.058107253,9.59194e-06,1.1823856e-07,0.9418809
8caf29e6d85caa9f3261d1fcf8e146fb73a21d4f91007d13fb99c83f023facc1,0,2,0.1832123,0.11414339,0.70122117,9.360208e-09,0.0014231927
778568b44e13751800bf66c17606dfdfe35bebbb94c8e6e2a2549c7482c33f7a,1,1,0.001838765,0.99554163,0.0021809307,1.8821174e-11,0.00043868917
099524703c250d1d1a16288dbd2f425d6cd0491f608e207a82f239b39bb26b7e,1,1,0.020635106,0.9681368,0.010896786,8.996192e-11,0.00033133835
b7872290479a97f86d1f2e4d2e8a9d0041ac201178ec54a3b1b9345e849b60aa,0,2,0.31532302,0.32063693,0.36239514,4.632284e-09,0.0016449483
022224bfad26bab87cf5f4b17981a4224ef8fa6919520b3bc2946234efda1e11,3,3,2.2710796e-05,3.3313327e-06,9.4764146e-05,0.99967647,0.00020270309
53483cac73b9aeb9985d4408226eb1ef031b8b882df8d8a3872308d33d3be705,4,0,0.7290938,0.0660069,0.20424037,3.5813258e-08,0.0006588713
f806fe83eecb5ca990c4fe4b344ec52367480faa12f99432743af32193d54c36,2,2,0.28568402,0.013903448,0.69652957,2.2665994e-08,0.003882909
0ce3bfa972ced61884ae7c1d77c7d4c45e17c7d767e669610cf2ef72b636b464,1,1,0.018592143,0.5700677,0.40780288,4.2614974e-09,0.0035373394
f9f2b38e11402b56fe05127bf0e688d74bb6e55834b93b7a0f6c61174670177a,0,0,0.93772566,0.0036413595,0.055117056,1.1512242e-08,0.0035159916
ddab96e4a8e909065e05c4b6a73ba351ea45ad4806258f41ac3cecbcae8671a6,1,0,0.8191262,0.15339707,0.021501545,2.6693456e-06,0.0059725544
4db135ae885aafd399ef1f8981b57ef05d4b20e754455b1098144d7c05d9a5af,4,4,0.02837666,0.4580343,0.010832532,3.3823893e-05,0.5027227
bead710db3df029cb39f9ad8a42620d05c44ee45a6fc80bdc9f75684954cd55f,0,0,0.67934936,0.26384485,0.055512566,3.2407307e-10,0.0012932624
5130f600cd9a9cdc82d4bad938b20cbd2f699aadb76e7f3f1a93602330d9997d,1,0,0.6073782,0.19030568,0.11426629,1.5993676e-06,0.08804816
5bb956a9ae970bde4b273f33fc2424882174c0c70205dc191b2dd479a218a947,0,0,0.65640926,0.012694626,0.33003154,1.2005973e-08,0.0008645621
830ee990a6d4aaf00bb051704c93b468792561e8dd6a6ed4662f6032d38dd37a,1,1,0.0102655785,0.9239475,0.057587974,1.796299e-09,0.008198896
cc6e2af726af692a9364185c0854b2560e899d8d9fd4b54d514d2df7d2676cd4,4,4,0.040097736,0.18751384,0.04790871,0.06927855,0.65520114
ba15081f01bdc87dbe07329445c2b885fa4f6b9f3a775f369563897505e2ab4e,0,0,0.65477777,0.02238726,0.3224457,9.697587e-09,0.00038926204
27749a468b5d1bbcfb714b6276b2a5e7be5b460396243afe304b959bb687441e,4,4,3.934413e-06,0.027891189,1.5237318e-05,1.789277e-07,0.97208947
3a1c3a39b7104f95d23ab68ed8ed7d4e3e61f165de7ff90bea14ca039938be60,3,3,2.2710796e-05,3.3313327e-06,9.4764146e-05,0.99967647,0.00020270309
c73f01790f1b4353a1df823c50ce23233e54fc3535ce921587d194d02bc778c9,2,0,0.3643276,0.078331165,0.35458216,0.014544847,0.18821423
4b6505e6420b0dd6c69bdba65b0d0de63a13f6cc3ad7cad562d23aba878c54a7,3,3,2.2710796e-05,3.3313327e-06,9.4764146e-05,0.99967647,0.00020270309
8fa3a56e3cfd923c32cb3c524bfd9525c7ea6e4dfa27872ed92cdd28474062e3,0,2,0.31532302,0.32063693,0.36239514,4.632284e-09,0.0016449483
44dd352d0e6837e5e30b0c035a9a4c336a16f279d04d10cb7e678a9dd026fe36,0,0,0.8485339,0.008369307,0.14084852,3.4957952e-07,0.0022479147
86ec4738c2625220a6f87caac14b315743de7058e971e6338230b1a64996e675,4,2,0.17633218,0.36525407,0.4564717,1.829101e-09,0.0019420129
ece1610907c50cdeaf158d0ec13aa8b4aa31a8b831db8d3791da1e35296aa527,0,2,0.44696015,0.016429614,0.5359112,5.0935656e-10,0.0006990535
f44bead117d2cf34b8e50b81c82fbd1b938b94387cdf84386ace46b1f3b5df1a,1,1,0.020635106,0.9681368,0.010896786,8.996192e-11,0.00033133835
c82e2202947ba1b6e8f4cf4849d2f39158c913522ff66ee724792d04bd0dbbe3,0,1,0.12278217,0.708155,0.16666158,6.070837e-10,0.0024011924
f9612fd688b9acd67e2da56c3f953c0681fbd227f6048b09ec0252dfe104e903,0,2,0.47088736,0.012573049,0.51422405,1.9899739e-08,0.0023155292
3afdf6103f65bac8a75c614ca61d6f99697dd58116e53281bb4f4f79fefb8bf0,0,0,0.8560005,0.09554224,0.04805133,1.009917e-10,0.00040593624
1ba99d553582cc6b6256276a35c2e996e83e11b39665523f0d798beb91392c90,1,1,0.0045884745,0.983817,0.0010318472,1.6255997e-10,0.010562659
c2539cb0495fc09f1ba8b29c6eec17af61f502d4406cc214a0ee65211441efba,0,0,0.93424445,0.023363004,0.035124693,0.0038396344,0.0034282475
beb9ecc06e1e753224511a52ab36bf7144d2cbbf0d0fcfdb5962897a4c91d861,0,0,0.54908586,0.30001318,0.14922391,7.8772355e-10,0.0016770207
d07a802eb6d2c296c3f1bc726b5a716c4a7d8e97053c53e81658a31f969e6ce7,1,1,0.017131418,0.9631393,0.01933399,1.1765869e-10,0.0003953045
003315b0aea2fcb9f77d29223dd8947d0e6792b3a0227e054be8eb2a11f443d9,3,3,2.2710796e-05,3.3313327e-06,9.4764146e-05,0.99967647,0.00020270309
55a48d18d84f9c95d24fa263972e320b32cda84247bf0e4fa505f138033ec4f3,4,4,0.0062229875,0.009697077,0.02103639,3.5503358e-06,0.96304
1c5e3ba213706b8369ca64993ac46740f5004c8572de2462608ecb0977c51614,0,0,0.96604043,0.018977774,0.011800073,5.677105e-10,0.0031818084
3649ba44c8bfa4652e21d86f48ac37cc78853b3b441b1cf6c87904a7f89a5ae3,4,4,0.040097736,0.18751384,0.04790871,0.06927855,0.65520114
b1e5553b9d2c27bff944e30511b0b6dbd1ea386120875309da855f66e1a653e6,4,4,0.0625201,0.26022494,0.06954466,0.074501954,0.5332084
81efa9754c1936969072487bad0aa880363f980db32966ef2a9c0607a04ab943,3,3,2.2710796e-05,3.3313327e-06,9.4764146e-05,0.99967647,0.00020270309
1efbbbc1d4a4595a9c3788417d3210454f8f5f727fcfcc5513d448989510a0b6,2,4,0.009236587,0.043073,0.0039111464,7.7753486e-07,0.94377846
e962c47879075ac0f7350c5abbfa89153197e458bb16ea3343c961b2a3bf3962,4,4,4.6534256e-05,0.07782123,3.9106777e-05,3.842127e-08,0.9220931
76b3f7186bd9e6b24b708fdcd9283b824c1b42f562979e28e5d1291e56090770,0,0,0.82949275,0.0624774,0.107592925,1.0621002e-10,0.00043701334
858ae3350ac3f7fc6ce235536e70b9eee1aef8df95fdc5d90bf67b825171e89a,2,2,0.046685036,0.018614925,0.9214683,4.075605e-09,0.013231638
74b21c62899cd33d8e7ec9de588626b65656b19af814b9c56d23da7969bc226a,0,0,0.91490823,0.0066946964,0.07824882,1.6994517e-09,0.00014821744
81d3f13409fb76f973fdb090b945eca7b2cdea16e5ee0d7bae70acb6bc90e5c1,3,3,2.2710796e-05,3.3313327e-06,9.4764146e-05,0.99967647,0.00020270309
60cce954b7d0f3eb0a808e281623149485acd958c58f1dfac2416a954afb5b8e,0,0,0.97081447,0.012709861,0.016438074,2.8863955e-11,3.7652593e-05
751f34b13e526b2acc3a9a855bff71ff47131f7b1ac01b29f83c1ebe8a465f9a,0,0,0.87641674,0.07919517,0.044025924,1.0167336e-10,0.0003622416
3a3f50f69463fce29e3560e5eddcbc1366da47938d180c0930e53ea22d7385b2,0,0,0.5774426,0.005426638,0.41589904,4.2450647e-08,0.0012316407
57ea0710204049b0e64ad6e013920911b230c034ab255c78326aaf2a00183418,0,4,0.07085008,0.29502675,0.08157958,0.07569538,0.47684827
8f2b95a308ad613623901652610ae7a6202bc36a98f0a72d4f68635ca77a8dfc,4,4,2.7289113e-06,0.055832572,1.13791975e-05,1.6459435e-07,0.94415313
7f489a9493c233018342defc7e9140e1c8b6ecdc9d0baa31c9c0ee62c844272d,0,0,0.8536655,0.10169853,0.044521082,7.4658585e-11,0.0001148476
de8184c6850d17f90e861309828af1f7b7e3b1695ebe5d303d3d4b6ef4ba1218,1,1,0.03396543,0.95575714,0.01009447,4.071802e-11,0.00018295953
9ad81024edaf1cbc28caa02051ab6ab6b7ca929cffa8a465d1bdaa452cf0b8f5,0,0,0.6819229,0.15095195,0.16640119,1.03605936e-10,0.00072386407
ac36922d6758c8ec05c8834652de4922ae677f1025cdb2d6fe747ea4738174ac,0,0,0.87739676,0.052370243,0.07008596,1.7314494e-10,0.00014701394
566ab945f61be016bfd9e83cc1b64f783b9b8deb891e6d504d3442bc8281b092,1,1,0.027849592,0.9143449,0.057469998,1.5682698e-11,0.00033547278
0125b8f29f335a9ae6ed3f190dcfb920537515d4f1f9a0270862672e39f9e0ef,4,4,0.0054686107,0.032624353,0.001347684,1.0843592e-06,0.96055824
ff4e12cf344ab0de04dac358e841907d4e9dc7cc286fd77f65e3246053ba3f8c,0,0,0.71146137,0.0144292945,0.27363425,5.157212e-09,0.0004750945
1225de9af9f6b29985e9304fa1056b8c7da036215a5e054c0ff6d7129c91a59f,0,0,0.99061733,0.00012362434,0.009157808,6.0391185e-09,0.000101240345
9c1b6e78e61eff42724eb4d7b009636fea0fa69b830d94344019c0988ef2aebe,2,2,0.06054531,0.055317234,0.8815363,4.0584266e-05,0.0025606102
7527c116de49e52e6c7c1c50a52b8eedf758fb88acd461e92c6fca02a9ea76ac,2,2,0.2699663,0.036236234,0.69146806,2.6018379e-09,0.0023294075
328504863c94656f3312533435a2cd6fc58acc14cdd6640ed81bebb8b30d9266,0,0,0.9971507,0.0016107329,0.0012328447,3.8819815e-12,5.8314818e-06
2381ef2fce6e8fa52e2f7717c893576f362c0cc54cc0ffa343a3902feead7784,2,2,0.008558945,0.020799002,0.9705547,1.8067975e-10,8.739729e-05
fb6e4912fca91d99a9747ad2c68ee82da60f787984fadf77aaab40dac7bed3eb,0,0,0.6551371,0.0037278924,0.28028437,0.0026193277,0.058231324
c6f1a8f9ea60286b24db87d6022991a4342bea473a520569b996a5883332788c,0,0,0.9727508,0.009055597,0.018121768,1.4202288e-10,7.181895e-05
c3264bb0a7727fb96855676f042bf091aed2c4a862e8eb7fde4626748bd7a916,4,4,2.1557253e-06,0.058107253,9.59194e-06,1.1823856e-07,0.9418809
666ab05ca31763d8d6984fa28993f43aa139375c53e40aefe1319badaa99605d,4,4,0.05787309,0.25303316,0.06823555,0.072510906,0.5483473
c6892fbba2a4db782d50e4814bafa327266bb3024af01726ab11ed3964ea29b3,4,4,0.068037994,0.30168226,0.0773117,0.07442355,0.47854453
1039f5492d975d1f215255397ebc2419fb136623682ee004e39970fe9b84dce3,0,0,0.78185314,0.14465949,0.0730885,1.0818281e-09,0.00039889204
4c411718c6083506d89747cb2aa0eed045911730d1fc9f128be9e2c058eeb4ed,4,4,0.040158313,0.18885915,0.047899023,0.06931454,0.653769
c0b939598bf5913885b1837637f166fda09d932f3484525c8cbcc0b1efba2520,1,1,0.11093336,0.8730524,0.014860245,4.4715293e-10,0.0011539522
cc08c6c000650dacf80deb89af139bc0cfdfef52abe8e67aba288ab2fa428f34,4,4,4.58294e-05,0.07665147,3.8672137e-05,3.8915516e-08,0.923264
329fd7731fe5e92d0e4faaa8d91c5d41758be01ec9e64a8fbb37ae5ae9f55ad3,0,0,0.718497,0.009634363,0.26924583,1.4655679e-07,0.0026227029
93bd2bf8a2335dcc07d2a3fe19c956151e3ae07aa045d2d39379e519ddd67f49,0,0,0.87641674,0.07919517,0.044025924,1.0167336e-10,0.0003622416
d9798d324227eeb90b7d1134fe7d1e271e22ace3feac687fd49b34c48501b480,0,2,0.3333689,0.0142804505,0.6469971,1.216468e-07,0.0053534023
f10e3c8ae94b4ee00f6a09e72a9051d682366dae58f3bb7a7aab9c9b99b7714c,4,4,0.0598622,0.0955925,0.08218276,1.3277037e-07,0.7623625
b29a16ec907997e523f97e77b885d4a8c19cb81b1abf6ee51eee54f37eecf3ff,1,0,0.95756614,0.017307067,0.022918649,1.5845627e-09,0.0022080762
801a64a730fc8d80e17e59e93533c1455686ca778e6ba99cf6f1971a935eda4c,0,0,0.7276618,0.07932861,0.19197123,1.5816717e-08,0.0010383205
a1b80abf76fe66c4a98d8f5e091ef5cab00ebbddf2aac9e1351d1c040568a0e7,0,0,0.4499194,0.4276861,0.08255701,1.1351746e-09,0.039837543
97df6218d014d3baec9fbd9db8d8636fb726386995aa9c71936a21db9724d54b,4,4,0.014231514,0.06648602,0.27604726,1.0161675e-06,0.64323413
3135b4246f0697f93d35ce2d251c5924edef493d77184f7e5f9e7edc1ab54a26,4,1,0.005283103,0.641995,0.006921241,3.4224122e-05,0.3457664
b5c2e18a004b8a4644541710612baacef6ea882da493e4affd7e237a9404701e,4,4,0.002593925,0.007139784,0.056726437,1.0276973e-07,0.93353975
dfb116c2c4687fb27ec2c9252e9c5296708c0f201255b7abadaa68e488a60b2a,2,2,0.14474362,0.01634734,0.8367032,3.6287783e-08,0.0022058438
39b3fd4fe8cd4514901b9ed762e74ede581dbbea9f8be7eb3a7f077af16035dc,3,3,2.2710796e-05,3.3313327e-06,9.4764146e-05,0.99967647,0.00020270309
a31551902d2cbb7110a9f5f04bfba7269410850155dc6163c7bf8cad171ed68c,1,1,0.099071816,0.69174874,0.18295263,7.232713e-08,0.026226705
cec276d144bfbcab47f8da03bf82b14d77debd7170c750885223a45f856fed42,0,0,0.99211067,0.0019285387,0.0055510486,3.8809364e-10,0.00040977422
b13eb0eb3cddf1b2c22232952aa30c1f2b5c59e72c9626e9fbd52882cfc03a32,0,0,0.8560005,0.09554224,0.04805133,1.009917e-10,0.00040593624
b559db648890015393919ca029be5602eecc30e74b19fa495997f26894629820,3,3,2.2710796e-05,3.3313327e-06,9.4764146e-05,0.99967647,0.00020270309
1eb9b6310dee86bab58848bd78d187655e5716d65986c61e81ebd19e677ea7ef,3,3,2.2710796e-05,3.3313327e-06,9.4764146e-05,0.99967647,0.00020270309
b1edaade103f901e2bbf1f8a13cbfce149261ee2ce6d8540e15567fb52b3691c,4,4,2.7289113e-06,0.055832572,1.13791975e-05,1.6459435e-07,0.94415313
0b74282d9c03affb25bbecf28d5155c582e246f0ce21be27b75504f1779707f5,1,1,0.2121041,0.65501606,0.06520573,7.015911e-09,0.06767406
20dafb37ef55c2e8ae7f08eb2ca8349b915383e357b8f82a94a696b13fb2bbef,4,2,0.08345292,0.13388185,0.427339,4.6026256e-07,0.35532582
12e1139ef422c2c0884fb5b1786a8489c1769a96880a30406e4a28b76ea4a73a,1,1,0.42425093,0.44505322,0.12796636,4.5137652e-10,0.0027294355
422343a0ebaaf5fdcb6e89698e362d74f76b0c9e167f4167e0face49eeb12805,3,3,2.2710796e-05,3.3313327e-06,9.4764146e-05,0.99967647,0.00020270309
6392e0701a77ea25354b1f40f5b867a35c0142abde785a66b83c9c8d2c14c0c3,0,1,0.13740115,0.59620225,0.26559284,2.1572827e-10,0.0008037852
6063049339486f8844f0c0650e8b1f11ff448e74a568a9a785ea9f98b4088e40,4,4,0.040097736,0.18751384,0.04790871,0.06927855,0.65520114
3b2b1a923caaa15985d51d1cc560001b598e90d9c06982df93e4cc6201917449,0,0,0.8814334,0.018415395,0.09943632,3.5998687e-10,0.00071495475
bb3529aa5312abbee0cfbd00f10c3f2786f452a2ca807f0acbd336602a13ac79,1,1,0.0018267717,0.9817539,0.015784768,1.4324326e-11,0.00063455227
bdf21d038d6a11e6b1406d8e0307a091fa11aa02dd28151b2f1366fca7d0f14a,4,4,2.7289113e-06,0.055832572,1.13791975e-05,1.6459435e-07,0.94415313
7fb1a6f23d30495ad7367d38aa763f36701cbc476c868fc9d37a946e9bc26d53,0,0,0.97244847,0.0045260526,0.023002118,1.971799e-11,2.3254068e-05
8e28dcf7fd7ce1ad9a65c186e09a7843ee31af924509148f085958cadfdda8fb,1,1,0.010148161,0.92451537,0.05592809,1.7862104e-09,0.0094082765
f2bf58bd7bdffbd645cf809cf650e1dcd4be9020b307ea1197c022abb406d530,4,4,4.6534256e-05,0.07782123,3.9106777e-05,3.842127e-08,0.9220931
9d04b7a4cd3fcb3b9e6d22eda7689ed742137c5655987f9234f5ece019648c80,4,4,0.0625201,0.26022494,0.06954466,0.074501954,0.5332084
1ce88e98c8b37ea68466657485f2c01010a4d4a88587ba0ae814f37680a2e7a8,0,2,0.34216988,0.025178459,0.6272298,2.0326e-08,0.0054218112
6c095b01ee712bbca41dc10d9bcc7875db2a87b1fa9a71f60b39d46f2b87983b,2,2,0.06435529,0.04627259,0.8872806,3.1256043e-08,0.0020915302
b55e6e10a7f46c97cd247028287ea664bacf7ec7e500a4bf4f53c9dea7625426,1,1,0.005382761,0.9697123,0.016223555,3.1432503e-09,0.008681331
96377dbd06a57e63e8b3c6b18c92beb2b2e87c9aa155ec11bc7f24ec1e5d7699,0,0,0.6872474,0.0045207716,0.2623784,0.001209222,0.04464415
68e7f0efd22541e0d97eb709636b78268ae6f2464672dcb91a4f3d88dc4be019,0,0,0.829214,0.019377336,0.14908205,2.1514447e-08,0.0023265872
74eba8e156d1c05b633bbe22ae03064050938317957e3d70c28d492285f1d4d3,0,1,0.022638693,0.87247366,0.103440665,3.181063e-11,0.0014470852
e006642cbbf6940bfd8a0e97f0bfb2b5913314082b216bab8fd857bee14eda64,4,4,0.040097736,0.18751384,0.04790871,0.06927855,0.65520114
fc61d8560de8bea8b131776193503274dbfbaa12a8b81df1fe1863278dd4a40d,4,4,0.040097736,0.18751384,0.04790871,0.06927855,0.65520114
4efe96995fbf6b6398b515b5fca1b4c4e20b5c2a6fc2403d90a6f5b4debabaa2,4,4,0.0065254793,0.008954404,0.022544347,3.333982e-06,0.9619724
1cbe0698b30666ef959fc08416a9118d6d376fe732a1241fb1a6dc6d860229b4,4,4,2.1557253e-06,0.058107253,9.59194e-06,1.1823856e-07,0.9418809
de83b1abb48913e8f7bdaf53351cf8a367c4bb83d166ac0667eea5e5af501525,0,0,0.89968395,0.0072635156,0.091088176,1.2294845e-07,0.0019641703
df013d3b048931a23dcc9db63e6b7d76dfc4373a3f41a274744179b6546e4cd1,0,0,0.9221507,0.0077103656,0.0681547,3.187672e-07,0.001983878
b3e9cdcba703539a82525d85d30353c230a4b289f6289f2e3d76b3d62388f4e7,4,4,0.040097736,0.18751384,0.04790871,0.06927855,0.65520114
1520218fb4776e38bc9b880820ab97b4e6bff4a79cc5f284751011c2001d51cc,4,4,0.040097736,0.18751384,0.04790871,0.06927855,0.65520114
7bca68f07452156848a09f32b0f46bf8156682cbd6fa442003b61d180923f331,4,4,4.6534256e-05,0.07782123,3.9106777e-05,3.842127e-08,0.9220931
9fb87e132046201ca9db3bc1cf3da5967a2101c593206d4476d498d96567a85c,3,3,2.2710796e-05,3.3313327e-06,9.4764146e-05,0.99967647,0.00020270309
962810f908daab4ed0796ff563433eb65a60507d23089ad4c9b25ccf2c8c7837,2,2,0.01924098,0.03501721,0.9456411,2.6965094e-10,0.00010080773
4f7421106f0de54fe018c32323440b7297350183035dac271cb843da27f88041,0,0,0.77120095,0.07357391,0.15464287,1.6873078e-10,0.0005822407
80179dc6e9a771e62fe957fc1a7e918a7673601fb8ef8040bd55125df03c0f51,4,4,0.030574294,0.067256905,0.21743095,3.3257692e-07,0.6847375
e214f08d95ac7a1ef1b9b99283723d17deb663eaf5f5fe5625bb81e88cff37d6,4,4,0.02333045,0.18974909,0.08285844,5.819742e-07,0.7040614
2a93cf9550f3622f65b837c97ce2b2415f1c5f8cc764b2d634a5936feb73ce14,0,0,0.82851905,0.09512785,0.07597739,3.418421e-10,0.00037558662
5e7755b3bf9e3408771e14b40c79045ea311181e7dbd4b7f6f4122cff45924e8,3,3,2.2710796e-05,3.3313327e-06,9.4764146e-05,0.99967647,0.00020270309
9d70c81774e5e255a161a9936368391373f67cd088dfbc28595eaed73c1e9bc8,4,4,0.0005228476,0.01867196,0.003067526,5.1271023e-08,0.97773755
e575c39549529d79d3346a5bb09cf7b484083a83c56db65c5db686a41da9a2bc,0,0,0.9985549,6.5181826e-05,0.0013537187,2.0372708e-10,2.61665e-05
4dd8ab2471337a56b431433b7e8db2a659dc5d9dc5481b4209c4cddd07d6dc2b,1,1,0.13139968,0.7955709,0.029688152,1.4831719e-09,0.043341275
a9809c4464e571112467e5989d10b59b0af049e816dc3cb16f5b7128d5a3cda2,0,0,0.99857163,2.7287088e-05,0.001388626,3.2103983e-10,1.2513939e-05
f5caa7bc9098f04fcc8c14cb65943b8c2b711901f4732f6496617f13b8d2ef7a,0,0,0.99814665,5.9345006e-05,0.0017660118,2.8734923e-10,2.7925196e-05
fbca50bc51b11ced93d40b0a9eb3fc2e5f97ed0e6dfc6fd56063d74c773c5eb0,4,4,0.001268764,0.017821288,0.028508645,6.684577e-08,0.9524012
8d86c0985530271618a342579afd1a9ecb27dfb080866e3b888bd3e45e1eb8f5,1,1,0.12315232,0.8263115,0.05004074,2.5516204e-11,0.00049549807
ba2e8bee0e14c1689cc2df494b92924c547fff8f95f0d36e8925db9c2c0db8e4,0,0,0.9585297,0.0020713995,0.039311614,2.598093e-09,8.734972e-05
2ae4cc6834e3679e99fc93d2f5fba02167a31cf5b68a5a9ca7aa1a4b9f7cb4ae,1,1,0.043737162,0.8608265,0.076163605,4.2856483e-09,0.019272787
5d411570fc456403797add124bcef890238c2c94c7997972db30121132e81a95,3,3,2.2710796e-05,3.3313327e-06,9.4764146e-05,0.99967647,0.00020270309
8edfaade7dff71f46a20709abf21f543371de0ee61be7b6cec7817d8a170886a,0,1,0.06752638,0.8735804,0.0578789,8.122214e-10,0.0010143117
74eafbcfa04c25c916f93ca936a09d1945d893b116941a4061efe5f3b10e0b80,0,2,0.09820719,0.38767278,0.51351666,1.11292954e-10,0.000603401
5a9d84792a06b3d2037f567e0f57781722a950d485854cf5e4042cbdd51d82af,0,0,0.9954341,3.0859792e-05,0.0045196824,9.625573e-10,1.5317304e-05
898b9512b69e4a20ba031fdb658f29badb417c1ded3afc23f40c7284b35806e0,3,3,2.2710796e-05,3.3313327e-06,9.4764146e-05,0.99967647,0.00020270309
02815b72ed3449fd6004e007940ea8a8ab09bae4132739a4c7c705c2db0a1f89,0,0,0.95335555,0.0029827838,0.04356215,1.0410891e-09,9.9461686e-05
e296104c0eba0abc17a161c8b5e9f5dd7c3adf98f0d6bed150706c2095b36741,4,4,0.040097736,0.18751384,0.04790871,0.06927855,0.65520114
d7a159a8a84ab15a9a7572d7cab56b1a9de29aa0cb20aa3d7fc010f4c547ee1a,0,0,0.8814334,0.018415395,0.09943632,3.5998687e-10,0.00071495475
99f0f7b125b80da09c178bd69d84b3b949fed2f8e81f13102c2c3f1eba0b4367,3,3,2.2710796e-05,3.3313327e-06,9.4764146e-05,0.99967647,0.00020270309
be6bea22e909bd772d21647ffee6d15e208e386e8c3c95fd22816c6b94196ae8,0,0,0.8372603,0.024790198,0.13768794,1.3824149e-10,0.00026163697
d892cac17339fcfe4aca03980b590bd029e519e4f92f46623bf4e862b9483fd3,0,2,0.2935128,0.051706333,0.65347517,1.3578088e-08,0.0013056627
7d4e44037e53b6e5de45deb9ee4cf5921b52f8eb1073136f7c853e6f42516247,0,0,0.99464697,0.0044071446,0.0009384812,4.9267157e-12,7.342656e-06
6c0c3172ba927af3b3cb7a8dec90ba35a1e1d4f0b9086e1385de83c682860f73,0,0,0.99464697,0.0044071446,0.0009384812,4.9267157e-12,7.342656e-06
65fa52f632e4e83ff83120c7df6b90291025a76d5daeb183e814ec0b3bd2bd4e,1,1,0.33004463,0.3640432,0.29839954,2.5554197e-09,0.0075126565
35415b9ebd464c190c3ab8dababaff19f39de32cdafc2bab442b7fa70d84aed7,0,0,0.91263294,0.010504371,0.07657289,1.1709141e-08,0.00028970072
