46ca0e17d56b92f2833d59a337c7817b330565e5b09345a3e45be3087b13a3ba,0,0
4c157d7f94ac5a4c7bcf4782508a766b296c52b4df34cf94cc006fc613dc57e9,0,0
19eec7cc74f2e111af5af8bf8af524306f9b18a53896279ffd3af70e1cf61b6a,0,1
7635c901f7806d2333b5e67ddbccef56f777bcf12b083a4425ba29373159eb06,0,0
7fb1a6f23d30495ad7367d38aa763f36701cbc476c868fc9d37a946e9bc26d53,0,0
73270fe9bca94fead1b5b38ddf69fae6a42e574e3150d3e3ab369f5d37d93d88,0,1
2f73ad3dc5bc16ba73876c8d9ba6c744cf9ea695cc644106165c72a5eb4fd79d,0,0
0f3934bb63dbe92b025a3d41fc1b3c6fda1da9fbd83bede76b8e99aee87f036b,0,0
890485744eabef256d6a2353c7544ec4f2d7bce27c9969998b7557afa56a084c,0,1
ed855200be3f4068841654085718f43b1bf94dedb1c791b1d6aa5ebf1b957126,0,0
5c7efef3d8e3c13913f261425fb503df05d6246362c88c25ce2d41622fd58aef,0,0
d374bdb867f5d790d546549cf5ba557a5ed67a914284d1cb65235ade09fc6f2a,0,0
be6bea22e909bd772d21647ffee6d15e208e386e8c3c95fd22816c6b94196ae8,0,0
9941fd97327d54a18209d0bb1f36992a18a3809aa8d163e7fe80193a4348610a,0,0
57ea0710204049b0e64ad6e013920911b230c034ab255c78326aaf2a00183418,0,0
ece1610907c50cdeaf158d0ec13aa8b4aa31a8b831db8d3791da1e35296aa527,0,0
c1e28e070fb45531dd43cd6431698345041fd3daf64a6edb4aa67ce0dd2f8fa7,0,0
c9c13df22da89f940c7ee711b362c89e3024312f40525636346ab20033196b72,0,0
f9612fd688b9acd67e2da56c3f953c0681fbd227f6048b09ec0252dfe104e903,0,1
3ed9ae6e596446f33dd13e44f3d54c8d1ca210242fc3b38b2d6398b1d0a97763,0,1
03d18579e9b4412d4f6cd37aed7d4b62a3ad95defd0968e3711807a5b055e41a,0,0
969d32b5d0f68883f758aaaec711dc89fbbaaa1e8744e6a6630586bd524b8bba,0,0
de823816c0003896911355c92396806d31a694ca5a5b7b73f1b1869f0c7e9b6a,0,0
ff9392032400659d7b1ba510eaf41efdcd02379e16c33b8621419d3ba489b4c4,0,1
09363703be63e851ed775d7b59ba437c4b08922f2ad29b3c675d763e10e6de90,0,1
fb1ef3b5e0a3d4f50e550b0cbec0006484a4fa8f9f94556f0e42e31b147f9ca5,0,0
dcbc9d204549f768a24ec821f2b709c86caf0f5821514d9004b62443ec3e6933,0,0
e9d191e5a9565068627795d74eb6605f3878b6c5655955f72f69dffa5076e495,0,0
5ab066fabc14936b6e5253ac6d6e8547f8d5284270c7374a283de7bf42ee9ad2,0,1
4b5d1a0a25b932ed9410f60751359f527b55619d036f727d6e1caacaba23640b,0,0
b94e9f69e5f953bab705ddfea8ddaa81906b0396e97e4320078f8b73c2cc8f5f,0,0
01f8b2524a0322e2e32b9725155685e20bac5c111d2d253d1a60639faf616b2f,0,1
e5e430986bf5abc911f56b85b2757fb564cb1e8352d6b4a46a776bedf99c1da1,0,0
ae616003d85a12393783eaff9778aba20189e423c11c852e96c29efa6ecfce81,0,0
248617aad3233a9235cd141d70d9a38f3a05b0162d12306a7c3330551dd20044,0,0
d24c963fc7b589fd3f60f60ee03c2d76a14960ae80d91b8c357e763b9172e9cc,0,1
0f02aa21695855562f0060147f656942c920a091472710deeb59d9511d22e492,0,1
4e0c1f1a705891e28b63aa4bdf1c51a24b635a72e81432cb331daf8b33a944eb,0,0
5a8e92ae2ee4ce1493dbb56cceb13fdae1c0d46f3e6b0bb535412bd2a9e77f10,0,0
f6ba0007038805fdc9e92ccbfed5f4cc681723bb548cc83a4b34f754f3356974,0,1
be655f5bc88bdf95989d6008111833dce476e5933cc24b7eaa073bbf7c3dbc5e,0,0
35415b9ebd464c190c3ab8dababaff19f39de32cdafc2bab442b7fa70d84aed7,0,0
48dfad0b351d3d6d9db71738b1258a6b8bc598e8f1db0b4a2c13b82e85b37510,0,0
3ba35e0c61597852e9e3636f33432f040684a50e7b70e5ee4febccebc24b3f55,0,1
655ca4fa15b26643deae1c02b7a31d2dc6971e317f757c4c222057255dcbb580,0,1
76660e91f1ff3cb89630df5af4fe09de6098d09baa66b1a130c89c3c5edd5b22,0,0
beb9ecc06e1e753224511a52ab36bf7144d2cbbf0d0fcfdb5962897a4c91d861,0,0
35dac829564bce2c398ba3fae50c3f40b65846d7a9810e456f5a853e76e4b336,0,0
0dcf284acee023eea3564ab3f858289ca8701ee400cdc36647f03e7b681de915,0,0
7522bc3e366c19ab63381bacd0f03eb09980ecb915ada08ae76d8c3e538600de,0,1
3b67dd03f07d00c5359670567bb92b4bd0c61cc9cafdde760f0f30324a4fea79,0,0
fb69587a8747dd2e7c521180f2ac2bd156a2e9ad83b7e1b47d65c55e2d8d395a,0,0
9b5b3c037d7b20322b80da3cd787cd7da0526d92c7dc72822f8fdcd32fc01b6f,0,0
dec173444481ca304f478b9f656e2d34e822b250e594f1e07c889824e183826b,0,0
b9aba520eeaf6511877c1eec5f7d71e0eea017312a104f30d3b8f17c89db47e8,0,0
fc99a95e7c6a2417e4101e51e25fabb333928cf542517e6da4f761b352f7389e,0,0
4539a7a77cc8efd531a6164e27afde755326e98061c6c23d7dd1c88147a0b8e1,0,1
3577845d71ae995762d4a8f43b21ada49d809f95c127b770aff00ae0b64264a3,0,0
7581d381c073d2b67bf2b21f5878855183f9fddf935557021ee6d813b7dda802,0,0
a203fefc5b72f4c8806d92c32b980e899f874f25f96a9d652e5faf5ff30cb964,0,0
0ba8f399daf0e85789ac415274ef578e528dd2d68f3dc70e18243c34d18f276e,0,1
98f028dfd1ef15f10c1184823ae7199e329aa3c811d511d183ee83e68af3c980,0,0
3c93f21e96a82a41ccb27cd1a9742b346f2294fced71736869761aaf95c829f5,0,0
f20c16765660336755cbfaccafc47dbdebfdaa11c6fca159df6ceef7914480de,0,0
010f36d6b66747e906c8f7025df1e154ceabc598f9c1d91357a97f89af0c0cda,0,0
44dd352d0e6837e5e30b0c035a9a4c336a16f279d04d10cb7e678a9dd026fe36,0,0
490c3e4af829e85751a44d21b25de1781cfe4961afdef6bb5759d9451f530994,0,0
d5fc378ab31019f99f613bdbabd5aa63d97a3cd0031e90265427db912d744f88,0,0
2fb2b9c91ed2da4a80190f15d0b62bd5c0c1708dbcac52f7b4b8b0f5fb43cd17,0,0
bd3373df99b455d28b63b4c70e706a67b4be9faaef1572db197eb9a5c9c14b30,0,0
3b2b1a923caaa15985d51d1cc560001b598e90d9c06982df93e4cc6201917449,0,0
e6056443537d4d2314dabca1b9168f1eaaf17a14eb41f6f5741b6b82b3119790,0,1
6d1461c75cfeb83759a5f4d99763c19cb17f8df3c743e3f9f755720391a6d148,0,1
b6bc96ffcbdbf22f908a02b8fe2a392c8e5b8420a120935c2834f0dd5934832e,0,0
4c930517f6ff6da9bf7b988c29391d271907dc4b193a64b9a7deba84de0e9cda,0,0
d7c6926938c6eb47fa1faee887dbd103c761392c35f2af82c2fec308b29b53ec,0,1
d93cc9da23444d0139bb0f34c51f67330e4e31088bf40a4c65526710e7210da0,0,1
28c7575b2368a9b58d0d1bf22257c4811bd3c212bd606afc7e65904041c29ce1,0,0
e917d277ce6d27e9740fede690f7bd810e99c0757ae4226cb30f8227c6b30b43,0,0
153e1d093413536ca867c8fa8d8123949b47067b3374f02933adab4a822cbcd3,0,0
1e14d4c56cc2a7f078eb08d225f1b7f3340ab291a53deafbd0dd3b43ebe71cca,0,1
3f908cdc830a589b02ed6eaccd20a371fb2e9ea85ec300aca0e9f76705da8ac7,0,1
79190925bd1c3fae65b0d11db40ac8e61fb9326ccfed9b7e09084b891089602d,0,0
6cdb65dbfb2c236b6d149fd9836cb484d0608ea082cf5bd88edde31ad11a0d58,0,0
d7e1e1f3d4cde26ebf4c78cfadc6353ebb77682c286a016e72474175759cfe43,0,1
22ac3c11b2ac05981ede405380952aa481ad850b97da51605a7ee425e25c5c02,0,0
fb6e4912fca91d99a9747ad2c68ee82da60f787984fadf77aaab40dac7bed3eb,0,0
69527b0471c2effab2d21106556ace6bd501daf7758b2ebbf3b2780d6399ecbf,0,0
5f851ffcee7f301bfcffc3c023a78611f6a1264575ffbafa1f3bc420b27f7eac,0,0
51903b67ad3aaede5aeb083d5b5d91bd391d224e6ca7f1b03aa935764434c7f4,0,0
e4d7b66c66086d5024186284283eda2d499e697026ed91afe705acfe40afc8af,0,1
67811f70e72693b266938c3a15a2a4b2634550e5934571e80e163c4313833d9d,0,1
78b588fa57b027cda856a05638b25454c59d1896670701f9a8177b8e0c39596d,0,0
415a49754486b222b7a38355988c17fcbd671109020c67109aefca2f90d7ef41,0,0
fe632654420af2189f6389f53e5c6b99d80b66c02db180f87b21a36ba4afee8c,0,0
d89197e13ab9d93ae56a591d108558c7a20b343b2f143e453fb948cb07949579,0,0
448f0c371357c5a893190b36fe3dc5219fb557b0eba1b406d688538d00151305,0,1
4d3a0ba910024c6ca1ca9e915eb43fff7f9610406105750383f716069e7dfb91,0,0
e7a721682ff2b00c00da50a51c87e9bc7cb93292e4cf42bb04185c3392fdec41,0,0
c9b2a0d55146b68ac4480a5d1f3fed19aa2ca271d184b0d5802ba39793d9f299,0,0
b5f5b25b3e93394d530df6ecb4f3f66bffb72af73fbe61859dc15e73ee43e9c0,0,0
b46786252512197a96093ab4cb906a851f75f82da7ad850c220a44002f39c739,0,0
94fc2b908960815c10a6edeb735d1f98d32beb76a5140f2e1d42fe536b199193,0,1
091c4c37d3666c0d82ea58d536b96bc4fbf5c2d4be99116139fe5bd5eced479c,0,1
1a4a64f01b101c16e8b5928b52231211e744e695f125e056ef7a9412da04bb91,0,0
70ff05fdeb51559c17696eb1c8577dd0aed7eaafb6922c711aa0b6721db246d9,0,1
cd94883a7b9971a1f7de9a6a3f8f6ee0cfc05172277c575b9ff3d51c63be448b,0,1
92d24128a45f33bdca5f28eb0319668cb97fb2f8a7e7b72d70a3aa4c897a4975,0,0
1ce88e98c8b37ea68466657485f2c01010a4d4a88587ba0ae814f37680a2e7a8,0,1
e00b052e63b503507d6b35636d9685cb14114ff4c81ce1fb0425b4b843350f8c,0,1
c55cb6b42cfabf0edf1499d383817164d1b034895e597068e019c19d787ea313,0,0
7b345dcc0dc2a441a00d56feb7a3d0058eb11eaa82f71f12309289f651c30924,0,0
9375e3482163cbe388a49317dce8eb7bb23761a29a06ae9a9c4f11628f60d1f3,0,0
30ed11afe657695c221d2623bae7ae4e6361998c54b4655f4970cf069f65da22,0,0
0d10069773715beb5da7a4433fb5a432b0de4662e1495251e4698781a3be8be7,0,0
1e9905a134140356cc21f1f7e7f976ebf18df7c55c2d72c4c7d533fcf5c5a1b5,0,0
4fe6757544c655c0228ca9fbcdb3e197cd921e1e12776f5ad391cb9ac32d3667,0,1
afdaa5e29a6fcb98a265c2917a81e9ef385e76d254b2e0c30c8950bc331159f6,0,0
89e0016fc5bd3cd4e25f88c70f9f8f13f81a45e3c6dc8ac2a4be44b5c5274957,0,0
f3fa5cfcc66c8e9cfd2df4c193881f27063578d4771bb59ead54623b4918c331,0,0
7d40062e8399a547f5578d462d3d864abf44a52a251f3d6dc0e3d0f2919b9b06,0,0
a80f6c57f772f20d63021c8971a280c19e8eafe7cc7088344c598d84026dda15,0,0
2b145bfa3c126c9b737cdd6316a67b0eb5f4d703b3ef80e7ea5810269d2b760b,0,1
328504863c94656f3312533435a2cd6fc58acc14cdd6640ed81bebb8b30d9266,0,0
2c71eb5c781daa43047fa6e3d85d51a061aa1dfa41feb338e0d4139a6dfd6910,0,0
e3de8f876b8b8be249f7ab3d5d097dd66d8206f5735f4cdf72187bc5c7c61811,0,0
22562716be013e3114c79ffe69a7b19e2e0275ef2aa74e5bf518b225c41dce76,0,0
fa380dac35e16da01242e456f760a0e75c2ce9b68ff18cfc7cfdd16b2f4dec56,0,1
2812b987b7d5de66dc01c8dd9d3ec213642696ed710dfa198e42a7886d91b6d4,0,0
e153e214ec22754fd6bbd4d4b62b87651216badda2d5c1124387aede2e1d66bb,0,1
c23f1d9c00300528aabfddc5d3afb6b7deee1aa07b5eccd0806153bae848aa69,0,1
dd5261df621077ed13be8741f748f61c5ed09bd04ca48526492fc0b559832184,0,0
84b29ed3245ad67365a7123e796f6d6ee7ab440c67efd3b911fef4061b2896f7,0,1
5c12379cd7ab3cb03dac354d0e850769873d45bb486c266a893c0daa452aa03c,0,1
fa7cbe1bae47909c4e4796652be7e3d353e19be408684665d0ac298609f8b918,0,0
009645c628e719fad2e280ef60bbd8e49bf057196ac09b3f70065f1ad2df9b78,0,0
084bf047a5586989b21be860eb95f7880536a78a2b51f7502e0e112eeb41dcaa,0,0
873c459c3c3aa7f0e9a488f69c4391669cbf24c6db7f5fb5fe5c2336f3ad9da8,0,0
c317733322bd1c42601cefb6428e72eec2623ca2c0bfcaf8fb4d7256208f8748,0,0
df989174c79870ca196b22e8dda6a43f2950c6cc72ab4d6faa4dadc5abedbebe,0,1
b2f3323418d20b0b91419e58b6ca2b57423286a7046f6729cafbe39178f65124,0,1
3ea6b2b51050fe7c07e2cf9fa232de6a602aa5eff66a2e997b25785f7cf50daa,0,0
782017f719ba1af241da35abedfdd4e5da0defa925d2452ea947c55912092d0e,0,0
0d2c333e089fd28fda0060e8c1ab910e4a91d4225823e33a200f831e8c93d770,0,0
77421106548e69e9666c538ad628918cad7cfcf8f6aa7825f71a4fc39e522a7d,0,0
472873e1290f60b30b5c699e341338b89bc23abc25ea11a56e44af281838c86c,0,0
ef3cce62cd2ca9a48bdb2c1c53b02fe86988a8c3ce6bb114ff243ecab99fba1f,0,1
73f813458bd5f9ed03ffba06abc6f93afa816cd497795d22a658367976fe4c82,0,1
c9a92af5f602834e4ebe133b598beadfd9204fdb863611005aac59d3fb5387c0,0,0
94200da50341169c8d6ada187b10adb6ae4d8eb5ebf1489b91b296b83545fe7c,0,0
edf508eb8566e9c8b519661bc54319e9da40b1a5cbe8da0c2b5a3c25fca73a39,0,0
72a8fa454f428587d210cba0e74735381cd0332f3bdcbb45eecb7e271e138501,0,0
59041b5e7a1eeab369c8c50b0840b77d8d9636fece8287a60226b78bd6c290a1,0,0
b041090be33111041e2adac815c6dd0f8196097205120eff4fe2a3c53bf95ad3,0,0
e27fb16dce7fff714f4b05f2cef53e1919a34d7ec0e595f2eaa155861a213e59,0,0
eff3444317ceca3b4642ee4ad3ed947f7bb17e35976465fad686ddd52cfe8cc5,0,0
a5565fc347a6040ec5e25acda630046a5c685843cc14ef14804852cff651e8cc,0,1
6c02de0a1d481f1baac0f4c36a05c8f4b4fa8ffd6164f297e115c86c754d594e,0,0
d144793fd7e5e675a87a3174876c765e5634700a8d902023c5d6d9871a47f952,0,0
8944a4ac31b32402ec5c88c4b5645d87f749d3af37c362738f465a9f8e152058,0,0
c7470eecd0783d2eb1d83798d71471a523c080bb331745aabeaa64ca57eecf47,0,1
f6a180cc3b31693739089a9966dd1feb107bb49216f1e3ed11baab8e4f6b5226,0,0
6899f3db419b711739120e09320345815717ae79f8091768b1216a142648e54b,0,0
528d9eaaac67716e6b37dd562770190318c8766fa1b2f33c0974f7d5f6725d41,0,0
f251485a62e104dfd8629dc4d2dfd572ebd0ab554602d682a28682876a47e773,0,0
478c29a4370717d2304e88920b68d6f219d96724d5393b9026553723243a03fe,0,0
1225de9af9f6b29985e9304fa1056b8c7da036215a5e054c0ff6d7129c91a59f,0,0
77a15c0e45c1dfa42d135321576c725c40f890d95e9ad44bdabeae9eb5d71a9f,0,0
a655f206209659007df2da3e0b08c1fedfdb3455d6a37e9721913fa04bfb6bd0,0,0
325cc57be618d1e3b7ae1dc686d165cc08a20cae415a78ac4e5554930fe41acc,0,0
1035c2969d645fc7d13480c1d38b61816a6c7d7a2d46e34f87003d43a236a435,0,0
2936ae7f7099c32e701c3b956a7eb7ef800bf5748122c883819c834ec61af44a,0,0
5b2d2de9a95add2b71f3a9aa6c02fa56555b7d58270fd073384187f52b76a603,0,0
36f0b7d6d424d27e0bb783cf396294147668cedcfdb2dc0e0b20bc9cc0323b54,0,1
316e89d866d5c710530c2103f183d86c31e9a90d55e2ebc2dda94f112f3bdb6d,0,0
719989e438d7bb37a2ab4aa6cb39df259aba33ed058d474909bdc100dd76a201,0,0
666de371c4fa9b36781cc0cfb0964e7fc8cf7a0223e08aa07ecf7e06befc7397,0,0
5bb461b61837faa881d32849068c8e41172ccb6f86166582f46bdb450b98c1ef,0,1
b72badbcf9866da7ca851de74eeda657c751cecbb5062d476f559dcdf478b738,0,0
f75ddb8104bd84b15c1bc9fae54d6a0da809ad001fc9e5c76ab2e733ccb684d0,0,0
84df4424f018ced3ada71a0f3d63ad9871b3abd2c35adede43001ebd94c13e85,0,1
f4181bf1306d0124ac9c7e65dd2a56d7109676cf3a04d4d6c3e82f7d9648b7ef,0,0
060dca1bc2de9060727ba846c299223b47e5c67dcf3f6686775379ed374671b6,0,1
3804f50c6b6284c2de6cc218bb33801a62e2d047c6e8ff44615c14b2dd289356,0,0
e0cb31bb04ceb2f5d64debdc60a312981ee4b57444d1cb8d0dcea271e8fd315c,0,0
bb66a71fb354f0fcedebf9c3f1179604f038d44b54dcf5382a02cb7534366e2a,0,0
f546f34e4b1d8fdbe3945628d56cdb55b7e7200b608930124c331c2dfafdd3a2,0,0
016250b7d62e49ba386404cc6db38cb65323d26cf80bc94e2810d5ab9e59fff2,0,0
2c1613c2a9387151854b398fb8d104abe684bd57800857512f068fb84152d355,0,0
3afdf6103f65bac8a75c614ca61d6f99697dd58116e53281bb4f4f79fefb8bf0,0,0
41d1b14437a0a85d04f5e36a95cd99ae54968af94730a31bac1eb3ba15294b8e,0,0
acaf78dfcfa5e16582cc5f8e726d9d63107955f0235e7483f00ef050300efb76,0,0
df3554b884ebc1e8ada4329fcc9677bfb6f7db73b5f17ff279e5d0cce6005c5c,0,1
5a07e6943e800d7951603b5a2dae22fd5b022fffa5f820ed1212820e2c357b0d,0,0
8a78041b2bd5f4fdf37631e00e1c77b592a1e363ab18d99908989a7501b0b80a,0,0
ab3ee0f2914deb0098a2cbf756cf0fa06db71427a8c9b18a72942ef41014543e,0,0
a0c13be0775dc91b1d0b80b64861d9ce491765565758a4bc47b67f4b3c3ffdd4,0,0
867367c3a4184d0d93d24bf11646233110c94c1e522be976b9e0753847fff420,0,0
37b2ec1ef108536132a493ac21bda5557f6f2b3e5dbf4a0779d43af66884737a,0,1
c05f366ebfe3bee7d41496f27789896b9cc581c6bd58c65c56c7f375dd079a03,0,1
0832ec4e7a6e59fe03fe7d7614eadd67ceea3f330b309cadb4aacaf05d46ba61,0,1
ba2e8bee0e14c1689cc2df494b92924c547fff8f95f0d36e8925db9c2c0db8e4,0,0
3845206350780cf794c1fefc5b56840381a30acebcfc78229321a7b98c14bba2,0,1
e74366b92e6e07c65ec805aa3e62a3c524b2b696ce7c38ee3f71e165bc6dd947,0,0
2efefb0778b265c7b7b87262eb615014d1dbb90a4a64255651c67b814feee057,0,1
3aecfdeb8e233fccec5f899c280d78fa8e47a3c4a02715fbe4881bb0cd7f914a,0,0
bf34d6546a746970a6eb10f28a40a2a6059d89436f0d9d6c376048b6f2616003,0,1
033dadbcc9a167802ade91c3fb2c2d27aee097de7f23665b5121fd836ab1e6f2,0,0
e631e6220a9f438080f34b006ceab42b3011a97cf93116f1da644b75cb197afc,0,0
c6e3f359ed7de057cb2de0dfc306f68ebede5cce9046ec16e5078942df30c3ea,0,0
727ba0af318b26c3c650563b2db984f7a7f8f6616b9d8dfaa3805766aab9a915,0,0
774efc29c19254714c986423aee968bfb03daf4ce79fddbef4ec3b4b5eee3f8f,0,0
98263df30ea803b15a3b4b3ecdb2761c8d6148c833209513148912b974e0fd5a,0,0
0f290612b26349a551a148304a0bd3b0d0651e9563425d7c362f30bd492d8665,0,1
fadf362a52dcf884f0d41ce3df9eaa9bb30227afda50c0e0657c096baff501f0,0,0
1b449121300b0188ff9f6a8c399fb818d0cf53fd36cf012e6908a2665a27f016,0,0
44e16f5ea1d1278346023d64f752003318b89dde6c4bef2e6391d0a1889fca7d,0,0
45f2b1feea72bf41cec8486a59cb2140a092b9266cebe11d44e864c8484cd523,0,0
618a75808b11fba4d1501587f2df23c6bf4094a474497a1f15fb85bbdc6cd593,0,0
237b74d3fd84f91aba3e541a34dd92c02b3625e61bf7ee0c01e691dd56004e15,0,1
e61e56b8f2666b9e605127b4fcc7dc23871c1ae25aa0a4ea23b48c9de35d5f55,0,0
cc08a9f69fc3bdca898160196b90fec633e79e0286fd12b5f64dee58812133cc,0,1
b123d7e7c18f0d3e87f3ffb49b6113c119fd3c4b0c1ba83ef93c06e3dfce17f6,0,0
d41bd6f092a77314eb885c91f5588003d8354630aebf51e6229ac3e14c9fe5e4,0,1
f169d9da932361091c2df93ff3de5bfff81cc67d0b4fadb67bcc1238884eaa2c,0,1
74eba8e156d1c05b633bbe22ae03064050938317957e3d70c28d492285f1d4d3,0,0
2635a89660d6c99fa852258704e00f097f24c10343bb523f1e212dd09835459a,0,0
cd2d206d320a343bcc26714130c6c1160102afc41edd256f9fc944b7a3de9c36,0,0
8297a50a06040fa9d28211e5024082a937a70e7488998ceeb26d8eb6ce866392,0,1
133a6da1230b2842655f511c2d6a498bdcd6e531277754655fe992456bec3b71,0,0
a90aa4a2fcd2992442bedd1fb093241b5cb841a903fcee5dddbd6e5f85923bd3,0,1
ecd61a6ccdd01c030daa42928b2c8b82146d07dfc613e33560ed98a4e8546cc0,0,0
80e1e8c7b7e69a46a97ca4e6f591b15e09ae288b4e0bb5ee457b26c61062da92,0,1
c74a8e6c88f8501fb066ae07753efe8d267afb006f555811083c51c7f546cb67,0,0
ec3a37a635c8ccd6c80c725f3808e21352872184fe4e9b1b96b4b6ed379fc85d,0,0
b13eb0eb3cddf1b2c22232952aa30c1f2b5c59e72c9626e9fbd52882cfc03a32,0,0
5a4980a432703e964c8cc07f6a02b7723a2be2070e0ec7f98b2f5a2623b8dcb7,0,1
8202efa793dbb7fca2922810ccf24f6baced4a7f57f7fc475c95b75b70a68838,0,1
021b4ce5c4d9eb45ed016fe7d87abe745ea961b712a08ea4c6b1b81d791f1eca,0,0
a2977cebda62d687d1a0dde3b4c92295500ffd0ed35dd04b81ad59371ff03604,0,0
2a93cf9550f3622f65b837c97ce2b2415f1c5f8cc764b2d634a5936feb73ce14,0,0
1df3dfdd4acb25fd6bddd91121c5ee58c92460429e693f4bb8f0a86e7f94f886,0,1
d2c5e3ce8fcdbf70e06b63437c24788e6fca61742c8cce76374f5bcda95a0585,0,0
1e8fe3ee0fffc8144c6252035c7f247bac129e7aa5c4537cf5e3f25531e04a67,0,0
34fad20789823d98f153a187dd315b8e9037db9a366a9473597348c468275bd9,0,0
accf700ca998053f160997f5414392372698f991ae743aee1165a78fe9a370df,0,0
a6e5efa37844095faea5667fd42c669b9afec588daa8c038097ddd36a44beca1,0,0
4cc0adf4baa1e3932d74282affb1a137b30820934ad4f80daceec712ba2bbe14,0,0
830d48b2c6de780783e697346a6afe96c6e33654d85b71bb86627b88f09f298c,0,0
328e16b06dcd881c190f073fe9b3edcd94330bec8419ae2626403ab2cfe28243,0,0
6816a0e8a3e00504b854cefd9ad11351e676697d80ecc06cf63a5dfa58b75a86,0,0
2e933b9823f15038eaf786f0898df03508a17ace8620a404edf5229aea0b9f18,0,1
1e462d8968e8b6e8784d7ecd1d60249b41cf600975d2a894f15433a7fdf07a0f,0,1
e6a2b6355fd513a8ce24deef488ee3cc39f5d736915965875c54f81c19e52971,0,0
3e20ba0187bd31217ff98d8bf4dd89d116187d49e0925b5825cc4101c183237a,0,1
3b011bfde408e8e4589f2e06e874c0a04db021f9fb18c11350b259307a27d7d3,0,0
693f08996d40c0c2bdb25ae5457d44f9df694a8972a70fe989312753c7fe9ab4,0,0
76721d08b83aae945aa00fe69319f896b92c456def4df5b203357cf443074c03,0,0
e655fc36b76c1df15c237abf1e70da875a6680a4a2fcd5616f373b14757f2270,0,0
f4b6c1f87091686d5462bd4915ce8f4c9844d2806553edd3fdf6e2038a489c99,0,0
d7276a9cbe2aa90649b3f7e7bed97f6cc99efcd689036b3f77b82a2849cf53a9,0,0
c37a1e21303ca855cf27e61c4011405bc5d21d7ce6b9b5d84210374f2b186faf,0,0
e9a6434e9901a74116c5a20f0afb7e6de9aacad794ac49d4d3ff936540301cd0,0,1
bc2f07066c624663b0a6f71cb965009d4d9b480213de51809cdc454ca55f1a91,0,0
888089a489ffd2768169dfca7bccb9379741efa32a75580b912e6328b3b2e8db,0,1
5e57aed3bf9d7625ed853f40cc59c2e0c872ca7b9b63cf7d252b5bb106c806bf,0,0
f5e444469407a3e894d368b79878a149696015ed2f666dddb49bd484f144d104,0,1
6bb764f3a5ca57f9bcc72aa0c34dab64e870e22c6400f6b3f62d5986104dc68f,0,0
f79e4adc2cd11f9e44023cbdb827777a0c44af44bb19b494bef2d2d8e6e3be02,0,0
6f6d7fe35d8e2b17bfd85752b46f2d20f71087231d8830fb5b614072b18813d2,0,0
98b6371c901856a12d1c6295c4026f93747d133f4e4969989d8de83fe9d6418f,0,0
66ad06301c38a0741e5d95c61788bb08029b59bd8e7d09a180e9f723a6a4643d,0,0
d3931ee10daf52359a7591418690f97d4dd2c053624b231358e433f9e58769ca,0,0
78e07f4cbbbf119e5dac565e764a4fc7cf2d1938e5948cea03ae3b597d63c34f,0,0
3ce16d95dac29f7f32f67f52ad048e07b0f63c3fc81606992dbbc6ba8187b0ee,0,0
60cce954b7d0f3eb0a808e281623149485acd958c58f1dfac2416a954afb5b8e,0,0
6bf1aea8203ec5dfffef99e222fc39cc7072c71472ccc28611425818794f091c,0,0
049dd4016eeaa16e0a4a88cd8b789a1260cb5e42f784d4e11a4b8e65366d3f21,0,0
968a4681faa63edd886df366ac9500ce42cd93bc5255432e17f892b7194cbd54,0,0
af5182946b0a6bc0b457a048c133d5b23fa4ab2411f7833f0c5513a5994fc5f0,0,1
31941dfa5396b2ed574b8e1ce36af2ef568a2c3de25b001819f72563d27ee5c8,0,0
299bc5eea940440c65fc4aadeeb2336b75db250c5f9d4ef3447dc32b70e89256,0,0
ba15081f01bdc87dbe07329445c2b885fa4f6b9f3a775f369563897505e2ab4e,0,1
98f400cceed112792e562728a4d66c7c18712684f4729014dbf6fdee2931eeb9,0,0
3cd42e665e21ed4815af6f983452cbe7a4f2ac99f9ea71af4480a9ebff5aa048,0,0
a8b051ca135619cc685598451e655256230459ba212a944f315db5e5252d3d1d,0,1
1888cd56b21a6571193b67166cf61980e3e976f0bb6e9439e6502461260e383b,0,0
ff4e12cf344ab0de04dac358e841907d4e9dc7cc286fd77f65e3246053ba3f8c,0,1
815854f24334183ac78eca4edd21773858ef199df578b931c2ef619f5e8f8887,0,0
b3e1969261ef289fcf5401964f59ebadfe1408b261237a7443f84d540c96db66,0,1
b87f1023c6ea63c4e2c688f386b5cc278b89de6c3dd52ad2dd3440887185bdd6,0,1
efa0b414a831cbf724d1c67808b7483dec22a981ae670947793d114048f88057,0,0
677cbeea7c87e4e03da87d71137897b200e2b0170950ddc958a72c09674b1685,0,1
3f62c49c723f80a728f574d29c2104ea16bc63d6caf2331d19c56e7f8011c34e,0,0
c885a4f5c066b00e9d4de8cc0f5463f27ce49869519db8cfdc7a9ae19cdce4f0,0,0
ffaf09da6b9f31e8da677c351f73a0f53e326ba2ff2e59ff47d9814931463cb8,0,1
37db8b987286897ed3a82ed93370279a01df428efbf0fb4dcfe4452480f537a3,0,0
9e14bc163a69b76ae649ee385e8d02bbe9486e98c818b56b09d94f31c89158ad,0,0
320b73e5cee7590a529001af9cea5f36520adc5c50ef48c72912e2dae7283ac6,0,0
d6f3151ed4fb00b766cf70df678b932c616a122c6c9f2a62e33d4a103465f8af,0,0
d4b1135d322d597ba7f936e5e80006c6b13b72c29d9892e30b9a44b4a90bf23b,0,0
95e08990fdf11251e9ee935f0b2e075667133758bc68c4d390e82f041a54e4b3,0,0
20dfea9193255afac66900938ffdd54e33480c2ca6c5d876b78f28f4986a8280,0,0
082323fd0f3d24f8fe31895ad1246ae2116aee78d01be83a28c3cbb856541003,0,0
101f1171f1cf0d7edd76e15608bbabf51b1a6e2f5f96d5188264eb8325594818,0,0
8caf29e6d85caa9f3261d1fcf8e146fb73a21d4f91007d13fb99c83f023facc1,0,1
96377dbd06a57e63e8b3c6b18c92beb2b2e87c9aa155ec11bc7f24ec1e5d7699,0,0
e9e0176e1d2285e679710240cd84216a04633075f3314abaec36a618119482f1,0,0
2893e1ee82d3354a8c9dae8fad81975ca8599eacfb7926502b15d79757dff536,0,0
8d168092d5601ebbaed24ec3caeef7454c48cf21366cd76560755eb33aff89e9,0,0
516d0b8325bad3f9f4e928ee4edbabcde34105f5706faf6331ff50c3c78bf889,0,0
6fabbf51a4171a195b9c7cea98902d7b9fc3993aaf44ab6967ba48543b1fd893,0,0
fbd40f66f24d4c3e060b4e6df8605f7271714958b7c0b801c41251e2b7510d00,0,0
ca87326771eff77b636bcd3855822332c319a656f06e996940947a307262db4f,0,1
df013d3b048931a23dcc9db63e6b7d76dfc4373a3f41a274744179b6546e4cd1,0,0
b5c32e139d5e9e3599dd5289f21bb1c5ca75762cc59e94582911c4fd85230de0,0,0
f94eb96f380a47bac95cb453e690ca78ae9ae1d078fbe2a433635a63bb73785b,0,0
91645ee88782a4d51ba2b6ee0c52e089facdfe8fea8f8c21fe35457f90a1437c,0,0
6c7e85e426999579dd6a540fcd827b644a79cda0ad50211d585a0be513571586,0,1
8a0bcbbad2f1b0efc72069e16f23ac1314ca0df252647f99429dcb428506337c,0,1
263175e8161c374528de87a3f70b9312aed4d16835d75d421523a2ad5c392d33,0,1
5fffdc8fb72d60f873d8693f2ae0218d7341ed0bcd390dde448e0c4b4c4139f0,0,1
104d02d4149b4983e411031c3d782db79783a41333a0308b6fc368605e10d5c7,0,0
b7872290479a97f86d1f2e4d2e8a9d0041ac201178ec54a3b1b9345e849b60aa,0,0
200ba936cd229cce4dc0b45a6ab78a5a3e84c5884d56adcc41c7fa7d5b9c831a,0,1
0c023045d9c2179bb6db1eeff69cc0e00a629577d347922a19a5f2615fa19630,0,1
3827ea7e7a55a2e541661b78a70285414d2e3c2ff77dc2e20311b1d8c2dda9e0,0,0
f2d2a1071275317ec050ee3ef062370cc6a9a305b147a8afed323b5d8660354b,0,0
ff6d2a7239def47521dd43cb6913afc17e70dde89a9dd28dc630d66d16f06f50,0,1
e08b72e1a54d917d530802fc27b8c9948983600bb30893d5aadd6a22dd212418,0,0
13c4b244bd9f0e609a60e5dd9062006fc0f845146756f3ec74ea2c4a48d58485,0,0
238a9d0abc415debaf88fd30df6e92db4f82495eb27736bf0b3a008cbe71a166,0,0
e420b42c5a34bc32a43ff9264dc2a110cb6efcd430df1208cc5837e0c5df81e1,0,0
1609f20fadda4f1824cf21920778a71b8f3874ab9655d080aa10cf9d17cfd372,0,0
83d42ba9b71e93d31806f7a714ba71e30f265bc7157e04704923b60cb3c2da6f,0,1
4dfc539ef568e1a3cff0841fbf08756c21117e6451e142b77da18a5f41970877,0,1
37615eaf286efabccdf9c6392f888e87fb69452bb10e204feec2acd2b02a9f83,0,0
1bcafa596c597868a179fe3d783b8c5bcd1b487d891b99cb90e76e8abd55a599,0,0
ce268a8af9a9e0af70f048e6fc5c51e449a01b5c9683513a9d4a9b4dd0ab94f6,0,1
33774900681b25519d0b023d6d78a043cc2dff0a21d6f6df89e314c91118c0fd,0,0
8c3f24599f9c46c5aff0c1e7fb4fe6777239221bbb66488f7cba1049985989fb,0,0
13f40e2ac038d4cd40d2347a27c515e418e883c32356881af89ab10c4ed4c059,0,0
cec276d144bfbcab47f8da03bf82b14d77debd7170c750885223a45f856fed42,0,0
9c4053485b37ebc972c95abd98ea4ee386feb745cc012b9e57dc689469ea064f,0,0
be4fb3149fde2a18c68a3bb85084fff9212c5a717f89e4ed300929a4e2eb301d,0,0
d426869f3dc8c7ffa65d1cf6e4fff8470ac5c0b39a03daff4d6caa0ac806e7c9,0,0
e6ab4cde17065c97850c2e7e6c308918861c040e7398715138d1488e3ae38c34,0,0
5412cddde0a2f2d78ec9de0f9a02ac2b22882543c9f15724ebe14b3a0bf8cbda,0,0
2c7321d8b9905d4b8671c9e16c14665cd29f88460f0c8ec503fc3398b8e642c8,0,1
e7bbdb275773f43c8e0610ad75cfe48739e0a2414c948de66ce042016eae0b2e,0,0
a1629e8abce9d670fdb66fa1ef73ad4181706eefb8adc8a9fd257b6a21be48c6,0,0
5bb956a9ae970bde4b273f33fc2424882174c0c70205dc191b2dd479a218a947,0,1
d701d7d7db2536cc21ca3710872e9d86cba52d409eb4f88ae22b6c75ea924ecd,0,0
ef3b6b3060ef897724cea9ac2080b1201d08c9e6a0dad0ecf492c08441a4f604,0,0
c4054c514f0c58bcff456114768723b257013c49eba9ca61e395484e81e01d19,0,0
9ad81024edaf1cbc28caa02051ab6ab6b7ca929cffa8a465d1bdaa452cf0b8f5,0,0
fb1ab5a92af54263f1dd6bdf5657ac0c4b52d9639acecb4b339a82c5650b9a6f,0,0
45985ca9eb04546745cec575d95b1684adc71130d1e0a8db2e36ad6d8df8b2a8,0,0
77b5e11b30aa9edffaa2cfe2bb6614d269b32b321c9599f803f037a958bd42d0,0,1
911ca97af69b531fa2c7cf56546fdc02b3daa1fde71e23d65c1f8f18355e3e1c,0,1
a65ca7dbfdb15d88ba6d37a521e5dda768388ed9d48184859d71be3afb57de16,0,0
74b21c62899cd33d8e7ec9de588626b65656b19af814b9c56d23da7969bc226a,0,0
2c5dd8a64437cb2dd4b6747139c61d2d7f53ab3ddedbf22df3cb01bae170715b,0,0
7477ccdc1980440879b46ecf2be5112b5ebb04a0baa740cdaa63db5ce822143d,0,1
098e5a0b744dadbe54a2abeaa1014b3386a9e2cdd845df329d5cb8664f60711b,0,1
4b77375187d1ef7054f6a805cacd2704a59796571ac9e86675a99e10d18048e8,0,0
ebd03f67616efc9d952a2caba793c0f1e3ef2745854b448dbca75bc6ac21d554,0,0
b1167965062b1c63eba259669a898ff1bfd1395f4e9a4ad23e6004bafc10e597,0,0
8b88dc84deb3118d6e514ae1c270f8742d214872cb18e914a79eef2684aaed5d,0,0
682c38d334777e149034443ffca0a393e12f5325e67fe88e2c5f33e80ebd3a38,0,1
c5c86a75f360aab239162d6c6ec8f45dffe26b08a8bd4417c4cd55ce3b00478c,0,0
6f009eb6aff842d12086dadc10e1993c309a62b58949bc4690b8b006f1d5662e,0,0
4dbd07ff7d73fa4a5fe54307ac26b4d1d9f1dbf4b8fb02c98f5ebce935db199c,0,0
6aa24766ff48239eed0ec20a8c2e05704650e73de941470cc053e1000bea6470,0,0
91b93b82c3659c01341ca091a3c8a10854f9a9e0be26fa788cd863fd2af90170,0,1
e7d7c90be3c974b274e1b5b0da94cf890bdbfb69729c4a6d10454ce7d7067fd5,0,0
8ca61cef74573d9c1d19b8191c23cbd2b7a1195a74eaba037377e5ee232b1dc5,0,0
32dce8986358c18cf1cb97c8802274967869628378ecf3fd7fded1f950bfee4c,0,0
75f0072a6c408cdc30190ed534d7503906881d958504d1d11634c3677dbaf623,0,0
32f303469030ee68b20c03e239ff9fdc801a747ba5148f36032d94ee41dcdf56,0,0
ea911f1fa8e3467744f12ac0eccd639f9f70baa2cb6c7ea7b4177b48d8597352,0,1
a75fdd9e52643dc7a1790c79cbfffe9348f80a9b0984eafd90723bf7ca68f4ce,0,0
98fe63c98c8865781a7ef52b8b105dd3eeb444dfe3242468af0211eadd4076a5,0,0
d8cb812c19582e3f2aa58af4bd083481846b17664f44d8aba0f5a2b7f00d136c,0,0
21566f5ff7d46cc9256dae8bc7e4c57f2b9261f95f6ad2ac921558582ea50dfb,0,0
12337cac97e6e2cc715d69eaf53df45247724e2e9647baf850fed949bc632960,0,0
0d6fe94c8b4bab0b4fc5bea4f0ba93a44e7695c1a46377e60da251fac9b7b74a,0,1
384be453cd26f60cd2358a09ccd64e4e7a27c1f8c6da5df557f8cc4913686112,0,0
5961861d2b9f50d05055814e6bfd1c6291b30719f8a4d02d4cf80c2e87753fa1,0,0
a0a422d24a3d60e47916d6bc6618924cbd69d815b4cb79cd3d120e2d2ccc90c4,0,0
deaf20dce2aa4ba813396195db2dd1ff436a1ae8d740684a0f128fb9730f13d2,0,0
a90a2dbf240b3e31843f69bc08d17f5dc28e6b5b1835af59fa6f7be8af8b96ab,0,0
133731bd1782b061556769a500d4cfb0a2f4d38088e133a8d057c870be037a03,0,0
af3528afe6bd509ca46e8ec7c9822293a682f323813e1764a047f72a93633ae4,0,0
4b1a437fbe161b0f1dd4d9eca647b4b82f89e810f6eedef0c4f9176c89d0fea6,0,0
50174311e524b97ea5cb4f3ea571dd477d1f0eee06cd3ed73af39a15f3e6484a,0,0
c8e432a8271910e909e3b6dce20ad368fa02a8c76d7abc9e9452c0d9227f6129,0,1
02601a267fe980aed4db8ac29336f7ecf1e06f94e9ac0714e968b64586624898,0,0
197c5cc9bbdeb6643d808d908eb9db078eb9b23c96299cbafaa4b7313eb6bf4a,0,1
1d0d00c76353c8a1d2e33af602238244f0e0417193d7f65cfca4f4b576107071,0,0
84bdce2a3f295407817b75d603e22d7dde66a05b8f944e92e7c61349efaa06fd,0,0
1ade09a1c54800787dc63d09b76f69fd2cca8b4bbb63c8c39c720628ea37471a,0,0
90e00411ed4ae57abb39135e1c14b52c0d173a7bc887d78307026c195a07ccee,0,0
e3edf761708cbf1947d6f317ad446c3062b11c815f6189912e7dc28006603090,0,1
bc8240025774f08a16e58dcdfab87e9a2b46cfda2a1fc23e21d33ff812b7e849,0,1
6702bf24e4a98b359b150379cc33d65245bbbcca0b7ff12ec237daea4c6a6d93,0,0
feac6c86f3935313bb3373207f7182af619bc1a138a112f2803dbb67ef6e93ab,0,1
9a6692690c03ec33c758cb5648be1ed886ff039e6b72f1c43b23fbd9c342ce8c,0,0
b8cd2c4dfc67321dadc514f6393aec1564fbacc4a49f57c888eea5d89a1b7bba,0,0
463e0ddb8abdeda00c44f950d8e4d010483ca637050612643c58aa7c5c25d5a3,0,0
92dbbe0eff3fe0082c3485b99e6a949d9c3747afa493a0a1e336829a7c1faafb,0,1
2badeadd8bddd305d1a9548ec599032a9d8bd25ed41357eba268aa13cb9ffd8e,0,0
de84c76339acba549fd4c05be0dafd875660a37254bfb8d6b64812b2a03c3ac7,0,0
dbbd5d7944b1791027762a40a70b3c74772a9d31b5c67b6519394a1705edabcc,0,0
2db1ec48d199b36e59726b60a4e1f95a3bb5402e4f8ddea6ccb5dff973d77bcc,0,1
ed8c6d081a0e946cbfa842d0b749adb42d8fb49a954f2f39ce5c88a7e4a88c26,0,0
4fa0e0cfe9406f6644613f91afda3e48418f147e0145712a3ac334492edba5af,0,1
ea63f6a26a18fbeae7c9e042a43988f938503126b485238e3d44f75ae30868bc,0,0
bbf138cfc11226d1b1d9935bb4c01541db344c78abb4f9275cdaa1bc5b36c07e,0,1
e1890d013cf8f1199ee859af7b77057b19cb037c1f530ebe6f8f10e7933e76fe,0,1
483181af961df3fd2dba47aa2cca5d9ffef1c2299ed04b4a3f219abcd3a26397,0,0
a834ac7940783110c1fffef4963e88fea547b5d56a57927cf754b50f5f001d79,0,0
f2e91cf89d9bcc51f0344b327081466c6fad5c22c4ca1f556b752a8c0c3c1fb9,0,0
e7cfe7169b058b460fd172b59e809779a98ca0f17e4202fd1f0df6795626fac4,0,0
58da2fe190b50f90484753f92fafe9f61a13c9217e593e55b6dafe32b12dc049,0,1
83b69c237fecbb8d382add7f3fc9026838cea8228c610cdbe1bbc11be6f84de9,0,0
6cc92ae40d3f40b723b4aa3dc3002f433f5587d34ad99a021e3ec0318cd5d457,0,1
550a0aad89af313026de29f2d99308923ecd9e4ddb686271f7a35840ff1ffe8b,0,0
219423a32336987838bea44a471fe02700e2e74ba4c98ebb41512b7bc15e0c32,0,0
58c39df99155017592abf60ec5a80a339f233bf1eb5dcf2ecf4a5b336cc56e58,0,0
e7ac03729bc141cfac40bd7dadba7abd3c714fb1715034b44e28cd5561336a3a,0,0
a4ce3a356d61fbbb067e1430b8ceedbe8965e0cfedd8fb43f1f719e2925b094a,0,1
23f28b5c4e94d0ad86341c0b9054f197c63389133fcd81dd5e0cf59f774ce54b,0,0
4ff6a97d06e2e843755be8697f3324be36e1ebeb280bb45724962ce4b6710297,0,0
db28df72ac3a076cc80eae301c4a1bcb1feab27331f33c928a99879f8290bcb3,0,1
4ac283b1f82e49d2eee206b03a0b0e081661fc844a7e449d59579367cb37da00,0,0
f71d1f1adb46da3e906ab310f53001a8835730d68d71e3d8f29025b1c2b649fa,0,1
343699abfca6e7cca993f99d085ce7169a73095c0ff473d0be401acd9673216f,0,1
2acc78ece9cb1a7865341e69fb72097a2debf2c82f41976554132bf6d3181c25,0,0
2b48a10776865b008d557ba085f085ff09e32520980e06a7d5c6a8e61e605c36,0,0
d9798d324227eeb90b7d1134fe7d1e271e22ace3feac687fd49b34c48501b480,0,1
3d3da3e3c062b5b73de6dac3cef8a90c4c7eed5622dafdd9a47ea35af9056297,0,0
3b1defbeb51c1dc737ec14da04938c23a2a580412537ff826a5df75f262d3211,0,0
bead710db3df029cb39f9ad8a42620d05c44ee45a6fc80bdc9f75684954cd55f,0,0
f09a3b82775cc0a87d775cb22483064ad5e3abb77929073a18220b2e62d2d142,0,0
715bdd918ac4c318172474a31b413d24e82316f246294f2262600eda90a83308,0,0
324ff0da6ada98432ab56ea4ffb5226db818b180e5fbd9bbc7764010642c8f19,0,1
10307e2682b3b8e96016c25b040baceda6c0abe5924f5f0fe6a419a463c008d6,0,0
3dae326b5ff9f9c075c2d42347042fbb237dec697a729f432ba87e215f4dc8cf,0,1
6971d8780aafa44664a469ff82074b5fea575b16aad39917e0891b9fa4c55cde,0,0
4769732228d757ee48547fbb27c74495437381f13924039c75c48993f85b930f,0,0
d7a159a8a84ab15a9a7572d7cab56b1a9de29aa0cb20aa3d7fc010f4c547ee1a,0,0
e90064884190b14a6621c18d1f9719a37b9e5f98506e28ff0636438e3282098b,0,0
e3bfb5443b2f36b61ba7a2cf95d2a24452559fafee85c47751f66438ac523d59,0,1
36ab37c63db91ec8e07ca745a315751209f8852ce2d937b2d344f3ff0ca89708,0,0
12dc5c7b9c08f0654f31c274ba84c39af5ab8514b762a07b7b48439323f85bcd,0,0
238e9cfece36ca9df93a93d8518d8ed5eb16731bb1a90b4112e037547028b09a,0,1
421d3e2cc14f09d80f5cf13b53663b96f08792096481ad2ff408f8834da14c7b,0,0
25485ac0aaceb982231a4d5f08e81b4dcf04b4e531d33145b5d6a5ee8d50d138,0,0
20ed6218575155517f19d4ce46a9addbf49dcadb8f5d7bd93efdccfe1925c7d0,0,0
bd11592557d2dba4e2cc5cdfdbc61cba64735ae01050db58557e2281389512a0,0,0
468bef292236e98a053333983f7094f64551a05509837c775fa65fdb785ca95a,0,0
6b84467985b4abd2e39892699027d74f6bc84fd7615a93d1522bd149092c2a48,0,0
4d977b50ad088fe37978095dce174c3d09abe011c80e38ee026fe5e640e2814d,0,0
58bb3859e02b8483e9f84cc56fbd964486e056ef28e94dd0027d361383cc4f4a,0,1
e9146a3081dde62382da40cd335ab379ab55c96370434ea4b3b2a6de5583e5e9,0,0
842da7dc7f3a93c3825d4567646244af2cc38870c07a98eaebf043b33eed0342,0,1
28a273ddd8dd9206fe6b56bb631409c2d5e18af23e89a15daa8b7889663e23da,0,0
f8754171e8b6cb5266055c9d5184f46eae5beaa2f19dd95eb4738e75d12537cb,0,0
acac538da1eed13aa9256d759de51040ebe4677bc1c3afc452e052c34c3c20f9,0,0
db121112e1c7d9cb79750ba977c7ec60289ae8c1f1d9379a53cab687a3064411,0,0
13fcf8519a6108ce7e826feffe2c46447cfb2f093fb961e6a2fdaff2a41499f4,0,0
de750c840a4140d3c980c9a0c6d34e12498f13b9a690d5d0e09037c7bedf00c5,0,0
d066dffb3d0dee40cf81cbcfb6209d09a57de33a079bc644456cd180c5f170b6,0,0
d66262b736bbe3b10b433b804af8f20532855394f12400b17c4b80299b455c9f,0,0
e7dfd48778492006c53cacfae012a55911206e768c8a3373b56dd5ad0e6bc284,0,0
e275504b461903238e81c19de3bb460e8e1e30d69a47b913106caf0a6de29add,0,0
464a283bffd7ae8193b21d00e2b52e15885ce0ebd8a0012c62d062b8dc4d3b8a,0,1
b8350ae1e30b3705c8f388784bc40ffcba1279513014f98385047a485073b5ec,0,0
ca4f35a7a6f98cbd9e065a171675f628c317f4365c01911f10160fd8bed87b1c,0,1
c1dbf481b2c3ba596b3542c7dc4e368f322d5c9950a78197a4ddbbaacbd07064,0,0
5b4028728d8011a2003b7ce6b9ec663dd6a60b7adcc20e2125da318e2d9e13f4,0,1
88dd391337545ae78ad10bc23a330f5407809791bf7b773378b88b4858374f71,0,0
7e62814683afbec9ccf01568e4e8512d42c5e68f67a45dd65f2e9cb704a79e8f,0,1
08d0eb1b10cdc8b5ba6d87d7b330fb69791f5e64b528feed19fc25a969a4034c,0,1
3a13b2e6c035a4aaafe5c611b3fbf181ceb9b604fe8f1863be29269256b7c8ef,0,0
e9fdb64137353737ac0999f7e9f70af462570a5a701df52a5890579b308de918,0,0
9ec9221f685b446874bb6dfc5509b4304f8d8b78b10fa3b8ba06cf4f505c0f84,0,0
1fad1fd0a49b4677b6648008f8ddc8c8dc6483ee3c797e938d3637eb8b4ce3b4,0,0
13e40ee7c6874e2f1ed58bc09738a5525f86361f1a85387b2110f114d8f3272a,0,0
f3b82f2c80c2ea5496407200bab1cc04f3679b80c74608aa03bfae37e62f992e,0,0
0beb385415a07e576ed682751481be864af7aebb8281b3b0fb092efbbaf427f9,0,0
1923a7c0d72353858384132f1c47eccd991bcbf4d3eec3dee9faec814bb186e1,0,0
d00c63ac0935f97cb01b5bd4994d60fe7a326b9b075e9ac4e98c8f8e527af564,0,0
a48483ba46e070c34b11c3b34e22b44d1bf783ae3e07c43d48eb6fb276690eab,0,0
9f012d7e3ae8f62370278e372691eb73b878fe2280b6083e1be637b278021855,0,0
bc1c5dcacc26f9ad6715847fb75de0345e64cec80fb794075fe3d7f5c7e8e3e9,0,0
82a96b25ea783935897584138f24e0243c52b225098db22a2eddfb7db90eb2ba,0,1
33eddb881d7bf60ec66a5ca92849092c3e93ec7cc9c4914e2f40c087b078ef5c,0,0
a78dbafaca4813307529cafbed554b53a622a639941f2e66520bbb92769ee960,0,0
ac36922d6758c8ec05c8834652de4922ae677f1025cdb2d6fe747ea4738174ac,0,0
7b8402ae691806a69d6d532041ce33bee1cf13108366692325581db2de418d42,0,1
c21e6bed707b124cc697aa825ec69310eddeb9afec5dc4c0eeab93c905c064c6,0,1
a0a32295ef3ae57348820477dcea5c97d6daf1cc8d445eab3dc5a3289cc6a37b,0,0
2c9e308a1e1fcce04a43254a602393bfec9cfb24fab16acb934c912338920215,0,0
0c7b952c64db7add5b8b50b1199fc7d82e9b6ac07193d9ec30e5b8d353b1f6d2,0,0
96a204e8533f829b32b1c6da03578e5275b613d7fa2bde9dcfdd669f71df4eed,0,1
cee8533a869c04ed25b521e8268839c01117fd0b9c38c9719547407132e2f9e6,0,1
965b9852fbb900d604e826b0a5614a23571c7b4c65580b189511f7f699a384ca,0,0
1da13de2fea970749141cc8069f9082b2128b9af1518c2c50b91fb2c62480e6c,0,0
3d42796c0611fbceb5ded8a315bea23690d684137161baa733aea4d19bc9902f,0,0
e8926a2c9a1413dd0f63824ea6c76c346705093f29b035b480e32d160f8fe9fa,0,1
f3997f8269e4177342aec8816c28cfebaef17a86f22eef15d90b4f9e5b15d8e6,0,0
4d155fd3a765cdda561161ae7d3202157af7fc44d4bbf14418b9d7ca6953e558,0,0
44f6d5d81661d7a56528de563e73bd0667e48393ff9edc26f8bc9443e4c4d6a8,0,1
4f55446d65578f9c0ac2694ab2f07af60694a8d96e0acb484aac192d58e819b6,0,0
e1805fa3c90f07f9721ad4bf4f42caf89cc5c3d45e0240c98cd34426caa4e670,0,0
bb43148b1f4cd37d4ee29a4b9ec2c147f3b705d7f543444dc44889076d312451,0,0
f18c8bb31c16911d0900dcecd304e2e16cab23ddbae0aa188a1d08c74c7548bb,0,0
aceca16c33ae8a73b1fd7699a8317d70d164df9744cb7e494834b9c1e457a768,0,0
9b5b06159946f080dd4a7dc4ab01f6d275b19dc2a2b540d5567fbefa2fddc709,0,1
0e829513658a891006163ccbf24efc292e42cc291af85b957c1603733f0c99d4,0,0
f9816b645b3c3d1e65d361029577ea14820241c1c92b6ecec7d2b4adaa199b83,0,0
172cd90fd9e31ba70e47f0cc76c07d53e512da4cbfd197772c179fe604b75369,0,1
d0344d530a732b51b6a71c5b7aa3f86f16f434ef31074d6aa5803bfbc571b6d7,0,0
048329f3ac884ee53ff6e7509fedce7e5f44939fe509e5fdda7b323db0990166,0,0
f9749ed767717a707a9690f915ab9bdf25038eb63eb890e45d772057b32602a7,0,1
f7e683987d0e9c80ac75e031765bac0bb9df6fa5b5ea351d2b5850b05c89c9b6,0,0
53aa3c17646509eccf1701ffbe01236bb7487bb661d680a03c933a08240ff20d,0,0
8bf5a9e8d5bc1f44133c3f118fe8ca1701d9665a72b3893f509367905feb0a00,0,0
7dc48bb29c2c9da5a6f60e304714cb2a9b93c735cc3a92522d9fd25799c9a6fa,0,0
a27235c3b21b97155cbcda8cfd30d5ff18a3b6ed8f8f9f14a1b21a4c267ca5ce,0,1
976aa2d1645c191ea44b9452dca9c8cf670ce45bfd014f0dcad4ae58eb37a501,0,1
3233207ca07e462ffe5dfcbf8c1fb3f844e7a0455c9deea1b1c3b07f6597e16d,0,0
0c8ad4824264dd09b3be02f462f968729bf7339438bf5fa69af9ca995353f6df,0,0
90b0888d5494476318067d736d4240c22c93a963eb5efb78f97d239d428cd162,0,1
33e6c3f5a66512c136e53ede2095fc240973fa58a9d8a7b69f23db01c53f2f59,0,0
737d2fbf51c72f4642056bbb0bee8e04259ee1a0cc4174549cfae11faac7e6f8,0,0
6d4986543e6b657956bf7bf384a05027b12fdabd4efe918c9e326b2f9bb7c7b7,0,0
21b717aec3c02bc57adb465aae610e9a7fe1b889321b373c2808187eade50397,0,1
a8bfc1e013f15bc395aa5c047f22ff2344c343c22d420804b6d2f0a67eb6db64,0,1
eab9cdf4ac3c0f58714a6e7117a7fcd1ea177e216701161009e5e8c94f31d43a,0,1
95900feea66e42a72080e1c4b6188820a30646e691443956ff4a656fa1b40f46,0,0
3f1a7d843f9cdd7d834aa67299bc14eee3410e7d68e1aadfc58d500d80083961,0,1
70480daaf97bfcb10fd793ffea9e90e1fcb84861415d14a3766a238a29cf30f7,0,0
c81655ca8272cc6530f64c82df8f3dcc90750d6a06b53881ff96db2083e71e36,0,0
ad2a42e4024a320ce763524e17ef7262add649651e2a277b5fc56a9bdc44e449,0,0
cede6f5a00830c6cd7bc2352fea9b3bdcc00488edc4d11018a8f3a41035fe52d,0,0
cd7ac27d8e32aa291ef42a93352160cf4ece7c6a218959c9bb4ab5791856edc7,0,1
1a6a112fa17b49e57ce20abf787054d86f7ec0b52c7728c869db2ff287708e74,0,1
c2539cb0495fc09f1ba8b29c6eec17af61f502d4406cc214a0ee65211441efba,0,0
563d94123f459e99dea894d79d707eede2a9f67fc044c4340f869e99606d1d85,0,0
66a1514ea0b833d9108f7ad1ec39a568cedcb46839f956ab330fb72791fd827d,0,0
5dcdf2e8f1b9348bfd3330a31a70a4b5fc03dd86e45553dca9d85f74f9d8ec6c,0,0
16c4e5c26e072d3b50b58d3c2b1e3985405a686867dedc75d75bd44d84ac4434,0,1
b83aa5ad1de3419436600f01d193b488f623ca58ac096eb8f365d5df3cd980d4,0,0
b9510e4484fa7e3034228337768176fce822162ad819539c6ca3631deac043eb,0,0
165aec991a1e1be2960d796b3c3fe8b5e0fcbc6e4b72c3182cc719e518fe0ecc,0,1
8fab1ada2f103762072e321b71ffe2e1fc16c22a4bffa60fce562ba3f5d8d564,0,1
bc2472f4aa06ddd5ebc75100453b4d226b59276d770a9eae6a2e62d7aa5026e9,0,0
15de4fe75553f2485e8580ab7dd29e339eeb96ed2031491cf4beb82ab64d4179,0,1
8531447784b5082e45d3f61385fc6355b27dfd7ae354f4bf14db3aecf2fa1cce,0,0
4075f872440ec3a85bc7dd0ec5bc386f451a734dfb680f7e5f2559b735df9a6d,0,0
23a088534df708b9e9aee355e94575196dc6258bd58ae6c19db7deec8ee6dc0d,0,1
ac0213a63e61f682390c566c9d909901a0f2e231eaf6c714a2cab9bf70016082,0,0
c3bb9d1f748d0b1b78dc525039c7a2ebab610a4f0ab7f43d0c5600f2262a62ba,0,1
67cc48e342d6435792aae1b0576d5707ba4823e32d9ad51fc2ddb5655669b9cd,0,0
92479c7503393fc4b8dd7c5cd1d3479a182abca3cda21943279c68a8eef9c64b,0,0
8c414cc53009cefac9ad9aa3ffd766085a7b76aa56f69a12c3231268cc4b1d81,0,0
816251b3ca42089c057d5980079b1e36a0ef1c9c3ff1c9c20aa8c5ca0fef77d4,0,1
d26dae0d8e5c23ec35e8b9cf126cded45b8096fc07560ad1c06585357921eeed,0,0
ab65eebe0f96d3787893329992670ff97621c76e2d8c1be366c00429c944350b,0,0
323d478b321148e2e1bac3181e42b0dd57c274d1df5ad7575563c905537b1417,0,1
6dbfdfda3b525e2805a4e57c6b010bb6c5991cdf5b59fe4016016190aa06ef94,0,0
97e46e2342aa64c80d12932e4f500bac8cfedde2b380d94e41bedb98de18c961,0,1
00be6858156b0be404b4fa4852ffc550c25565236beaa4cb13ffe288bcb48d8e,0,0
f737829e9ad9a025945ad9ce803641677ae0fe3abf43b1984a7c8ab994923178,0,0
447de889c0b6731df0ca52ae0da2138a0b88f69aa735d295ec6a8f7682dc959a,0,0
673e6ec23741e68b7454d21992aa593294be657c6b938bd368fb81761a5200dd,0,0
dbeb6f7ea2bcd7dc2d20006b9c5338b6f2e258129b439b406cdf7c239383babe,0,0
6fd47d689537c5769ccb8eccdd541e3501789973701d91cbaad3883a875cb8e7,0,0
5c17dcdb2a4f7450a9e0137584cde844f323bd6b570275181282bd0e8e4a5d85,0,1
471bcf0fe2115ca50b075edddd179ea11336fe9431ceba9892f910f91f6407e0,0,0
c806be534ad3fd83ec5a7c8d3a378c1f033856db152bea93b5778286d4db1e49,0,0
c3fd244badd96c81c40e63d7001ffc4a97336a930a882bdd555e8c4b1439411b,0,0
cc1b43cd20d824d7ce23249c8e0ea0046152bb758e2c91435ff9176df9607b45,0,0
79fd64422ecc92f0212c1631be9d5896cd531aaec65a80e8bc8c2bf6abec3958,0,0
0f1b1cb23adb81c4c4fc3f876d3299526c631c9bd97b9bbde7f321b6ac2c7c51,0,0
f4d68b4ff8b0ffd40aba886da64c5a82cde7c489d7973cc72f5f7800030ad883,0,0
b6ca88618cca588b11f38310c7455923fc16558c4b34b7644c006d6cd7e749d0,0,0
616fdc57d3bb0c61e31979a788bd5c3030b6be6c7c666ddd48508bd3c3e941b5,0,0
27edf822ce1c97b6421c5811efacf614fe7966d490db419378dfb4af467e55e7,0,0
992ce08bc4aa26d381c5fc976b112e5e6925407eff15199fc326f4b5eacfa7fd,0,0
eec094bd3604a2fd84333113fbc0aee4fe394c5b74c7cc28216aa53d714d1bf3,0,0
3f0542db6dee2a543e145acd7f71e7de4d7b11e2abb78af0d2e84986a527b807,0,0
067fca1211ab7cde65e58c057b3b8cbaf9aa6da891b7f3e9bd91b191eab649a0,0,0
fbb004fcc7b365b91e6954d8a3c4ced004b578f5bdde8881c094fb8b382ef92d,0,0
388ef4b4e12a04eab451bd6393860b8d12948f2bce12e5c9022996a9167f4972,0,0
876faab171ce362b0613f5f5661cf7329e9d1fd9324799182993cc5a73cb4216,0,0
5d6986f440e89f4a309a62f9df8ea5989a8880229dc02b132dd1bb3d0e0083d1,0,0
18e6c5968bbe7414278b4fd59ad9a4f1bf9a8a9956dde65f219e9810594381e0,0,0
5b6ab65db84b4db5e8f249df55cae039839e3c73d1a00fef54d63d532db93ac2,0,0
61cb44173b89652524fedbe975b7a43614aacf107b492edf3e3407a7e70d1cb0,0,0
e889a265b732bb35ab22639db281430b9b8a5b1dd808950a3ae392b433acb4dd,0,0
23594bf1d2c5ecc3c3c7555c72632037b21b02f9d4a6be64518840864e745078,0,1
4b7b9c2a9d5080ccc4e9934f2fd14b9d4e8f6f500889bf9750f1d672c8724438,0,1
8fa3a56e3cfd923c32cb3c524bfd9525c7ea6e4dfa27872ed92cdd28474062e3,0,0
2b9457a4c157e61af2444eae7e4588488c528b6571b36a6d4299c85787f1aade,0,0
30472b207c5404d1ca5b9c0c686453f43cdf59dafa8a6f691aea7145ee74764c,0,1
c177df78fa62496bf86b7fcbe5c8cb51e25da6d139345710700e963f6911eeab,0,1
21bc328ed8ae81151e7537c27c0d6df6d47ba8909aebd61333e32155d01f3b11,0,0
f7e9a1a4fc4766abd799b517ad70cd5fa234c8acc10d96ca51ecf9cf227b94e8,0,1
92efbecc24fbb5690708926b6221b241b10bdfe3dd0375d663b051283d0de30f,0,0
aa94057d957736005bd6c70dba96b39b60121e0a4b35db03d5b9dfdbf5e58537,0,0
f44e46804f9b34cc573b53cc3c2df1d741e160b4f0a54ac962eec92ac4a36010,0,0
741926cbac03dce1af5156843de89bc89408d8a7588451716232b2a203fdbca9,0,1
8f2aa94e3046e13ba6a7f134a61d1d66192f715d15f38c26eba74c424b1e315f,0,1
3810d95692613bb4f719d6af64230f9bd6ca7db3a004e089af92a07bed560c01,0,0
e2ff053ae52d37c2334cb0c5b94ea7338a38c396590bfad5e443e7fbd8cd0ddb,0,0
ddf26f97fb3b8caf13aedc2518ec27530c7d2efe9b2d8c356c202d21bb642d28,0,1
e50407b62502bfc2fe94c97e0d1af3871269596b8de3384df4dbb92f90de17c6,0,0
3eaa53ec7fe5fb610bb9a0dd3d0b93480869b829aac3733d2dc0cd83e77ec2fe,0,1
86f5f5e5ea9bdbfb8b139cd9bc22826cea431f347f54035c5bc7a3f315d5f2f7,0,0
b263f7ed4806b95c7c06521704b8dddbc0b2d02885eec8181e1e65b4ad112918,0,1
75ef6ea0265d2629c920a6a1c0d1dd91d3c0eda86445c7d67ebb9b30e35a2a9f,0,0
96415bc3448d73d3d889ac79431de1e3d87b4137353f7d4cf5269bef578f6d7e,0,1
55a1612963fed3094e0c6817112dbdde5b2d24c2bc0d76e8435d0a5b108b9e57,0,0
6ad91e399eca4253b5871954aa23cf63b6ea2338a9e5c57e18cead0ab4b485c1,0,0
60386112fc4b0ddb833fc9a877a9a4f0fe76828ebab4457637b0827106b269fe,0,0
8f0a426fc1b7885a2785c5442d12b9387e84a8ee75daae0234d78b513c7b5c8c,0,0
bdc8f78ad67cdec5cb5faddf2a1e79947ea83f0b69f767e4a72174f400e9e1c9,0,1
53229d2ef14689e5888298bb89704d3dc62232480d4d60adeb6504044cc53c67,0,0
dc7328490effe90e6ce585e4854487413c21ea30071970ae6ad03d023894b8c0,0,0
cdd8a430ab5bf32bb8f830f66d618ee503854088af7d66afee2af898106ea32a,0,0
a1694725158441219fae3f96aa6b345f610195995568c9409cf5c9aac029c51a,0,0
1b38d04868500ab8941e927a3cbe5b67963828abdfc580b684ceeffba9ea30c1,0,0
81986d0559db51317ca03f1d4102f8ddf86451ec18ba9649129c7704373cfed1,0,0
7b108c9a51643faa140edcad8b13b00c30c6fefdd21667318a24474cde44f796,0,1
551d18996c57cba5d660508c04716f0dba3dae41022a7d9f69f5f2e63da391a5,0,0
07bd7aee8905189c97a5ca794bdfa459fdf53eb258ac496b98441fc456188278,0,1
383f0d2cbf8914c3ecb23ea82bff38e1c048980806e37d75e3539362d105675c,0,0
93bd2bf8a2335dcc07d2a3fe19c956151e3ae07aa045d2d39379e519ddd67f49,0,0
2392a60647f2eb2ee34b7a7d48e953b9780e6709393d16b56ca810f9a4292c6a,0,0
70992a72412c5d62d003a29c3967fcb0687189d3290ebbc8671fa630829f6694,0,1
1bc9ab02d06ee26a82b5bd910cf63c07b52dc83c4ab9840f83c1e8be384b9254,0,0
74eafbcfa04c25c916f93ca936a09d1945d893b116941a4061efe5f3b10e0b80,0,0
6de873f013f846403cacf6adf867b5b84c56adfd28c1242dd0e8ebaa22a6487b,0,0
e688090626629f14ce10a5eba1e122ceb6bf4bb60e4a66664e337bb793bbc80e,0,0
025c784b8c2d6135d11cb551cb84645ecc0fb02ec8fd8f2612babd28601e67cd,0,0
81dd48ed812d571c700c0c097c97a207eb5ac950fcf3c34309cedf9e88b1405d,0,1
f10cb0001c5c538a3c37b7ef695502d8be4984992747ad94b2bf3a55ba0122a7,0,1
24e3ea78835748c9995e0d0c64f4f6bd3a0ca1b495b61a601703eb19b8c27f95,0,0
8736b2d7a73643f0763c74c9fbf50c0109adcabdc794f4973927e3cba4eca220,0,0
36f8ae291b0ff0193f51bcaed533701a52d2bff4964d2f49591eed703d442168,0,0
7c32885c258a6d5be37ebe83643f00165da3ebf963471503909781540204752e,0,0
57866e54b1808069092ade9ac8e243650f18198a24924899d83746d97a66f400,0,0
a13e45344b758a57b9298b5be744016110253ffc85296ba6ea2e0fcb7295a192,0,1
45d804f35266b26bf63e3d616715fc593931e33aa07feba5ad6875609692efa2,0,0
e547e8a8bc27d65dca92bc861be82e1c94b9c9aca8a2b75381e9b16e4ad89600,0,1
b798d77517558d1a66d7480aa9e5d7878f9838bde54c2c8dd7976f9233878a17,0,0
038792c72e22b180fefd049ccb1a48af05ddc83df7e4b1c653650a46f629e8fc,0,0
b4941cdb04981815842ce7e799c8a4470e343f581642c32866ea497e69803276,0,0
9c6e9d790af34a1cb79be16ef683a4bc5af317dab4b6ef93d6cdb78121720fa2,0,0
bdbb694798213d542a0b060d1fb390a059854b70966dffbfad8fc1ade1462062,0,0
1bed58cd45944559056b601700ed80275dbe9de23c1b1e36b4d756b2a8ef3499,0,0
773b176b3a68c3d21fae907af8fba7908b55726bd591c5335c8c0bc9de179b76,0,0
97b6dc97ed88bcf04608380dbb9f4626df9260f898c4d2b9854fb483c2ba9783,0,1
1419ba36aae1daecc7a81a2dfb96631537365a5b34247533d59a70c1c9f58da2,0,0
40bd6a44c7de50545623a8c9709c1fb2b62e3f1ec4e1571d3b0a68c944a957ed,0,0
08af44d381df5250323cf196444aa90597f8049dad55712fe45e80b1a8d8cded,0,0
3235a46d17afce4ab2abcc8c690eb730ec94449736cf85bffd69e525ab00ce60,0,1
2b7bf766edf234f55805aea4cbfd51f813efc065886f93e6f5b430aeb7d5713f,0,1
1816ae036a8b3d979675b52e456d9e0d9a0ad829b5df7d1fc615eded59d847ef,0,1
23f765758b3071fd7f0a36b2040148cf637fd08e6a62fa7d9abf785480673bd0,0,0
1cc1a6f131617e0a15380e327e96d903ba4512dca45b63b9a456751495ede76c,0,0
3a3f50f69463fce29e3560e5eddcbc1366da47938d180c0930e53ea22d7385b2,0,1
c4cd8ef6268e21dfc7bb233fcb2203d60d2e09ad86b4fafbafec4ce44e44cabf,0,1
180e5227aae20fa2d6ae421835dc7d92f9393681c3006213dc2f6e3fbd07e3de,0,0
a1e92e2e84a1321f499a5ec500e8b9a9c0ca28701668bf13ea56d3995a96153f,0,0
7eeaa97d346bc3f8090e5b742f42e8900127703420295279ac7e04d06ebe0a04,0,1
8e3976565c3792df7dba6e27501fcd24cd6ba329cc7d0293b4b3f1edde589aab,0,0
0cf6d9a5aa3b390f97f20b2fbd2cd9df76c5bb018c997c26d2e16eb44127c624,0,0
7bc1ca150bd934d6a8dde2f8fe6c88eed6b6d56cf0c2b941aafc40735f0a0eb6,0,0
b20ce00a6864225f05de6407fac80ddb83cd0aec00ada438c1e354cdd0d7d5df,0,0
24a9bfbff81615a42e42755711c8d04f359f3bf815fb338022edca860ff1908a,0,0
b05a74fd472d43ed54416b9de303aa24fe7ad754d0c557fed0c4c007413b5d82,0,0
5a9d84792a06b3d2037f567e0f57781722a950d485854cf5e4042cbdd51d82af,0,0
1d1a290668c7331317309eb7336e9df94e0b034a175bb8d477cb46b7dfaf26f6,0,0
6bb937d1a3d6fdce5108af79716b20b0c8a609763f10135d9a62314ced2a5fb8,0,0
65d4414d56fa929464760cf6edca352934cd4f56b0a4daf057008c0615896bbd,0,0
fd6a956a7708708cddff78c8505c7db73d7c4e961da8a3c00cc5a51171a92b7b,0,0
6fd002fdcdc1a8447f03c227abd3e6551f9179ed79e39591069bca4b9fc9d6a8,0,0
f77e7138ed19455151ae35ebac34643b70694edbf4baeaa69ba4d901c51d08e1,0,0
4694d2bbebbdc6dfe9590e2ad07546b06a2a7aed715db19e2b153975e0b182e6,0,0
21164d3539469ad88a45a7f8cb8840cacfb3a951a73e54e7c94019bba78a3fc2,0,0
b9618847bd56419947576e9f14e43aa0f8397619f9456f2d4bff4d292c03faae,0,0
b95f611c73c0176e5e8121b0300f4076c147b72115c6706c425a122ff10c10a4,0,0
25f3aa7489eccce3fdd84b62d0285885f413b1d9696a947842a1b5581f25816a,0,0
a026b11e15d4a81a449d20baf7cbd7b8602adc2644aa4bea1e55ff1f422c60e3,0,1
23e687a00f3cf28d58a7d4c0476c3d6c4b0c1eff82286b412164f2798caec1ff,0,0
36271c7e4cda7008af9724c19c00175afd70c1f5af8116fd2edc6650d908767e,0,1
29e4ce1a13b7a36da042686f2ded101f230407b8641f5b07fd8628e30c64f657,0,1
3ff2fe9a2ac6bdfd41f5743d4aef3927bbe89410f5f32ae9c965c3f67affcf7f,0,1
692abc19ed30132d3d8b5ba2b31268677641ca24a3902d2cfc97497f2b7b5b85,0,1
751f34b13e526b2acc3a9a855bff71ff47131f7b1ac01b29f83c1ebe8a465f9a,0,0
c1e9dfa1f1b3037da9b72354edf25250c12084234bccfbb6d970b1c196cddda1,0,1
15ad091b96e4e6ef342df113cdb4b54150b5a49507c5fb688d0c839d7b8bf835,0,0
35db8e6a2eb5cf09cd98bf5d31f6356d0deaf4951b353fc513ce98918b91439c,0,0
af69d72895047e20e11c53d0e79acb80e172aa4f50d81d3b3f1fe69a360e57a1,0,1
66e677b081e0361020cda4f218a501497faad1f6c0897f26c25ca51c4a5dad40,0,1
8a41179a750b11d09c4e4c251eb8f3927d2bef4d40e7e15594dc359783bdf04a,0,0
f5e8283b839820b7b47948beb8e326b4a0560547d4d986b5833080780fdfdd83,0,1
d35655b72be7b92825d846cbf81e1601e2c3eb1f21e2e7874148025f649598fe,0,0
a3be365dbde0e8e2f7706787ccd8db082e1fd5ed539e7605a2fab2df4df5524d,0,0
f6b5d52f3680c53839a1078e9a33ff6fa439af6cb9002cbbb227f3a3b831ed30,0,0
b42bb2221490b763a84714140d75c8eb3189caac0f5940626d07b8303eccedec,0,0
80ba8997067025dd830d49d09c57c0dcb1e2f303fa0e093069bd9cff29420692,0,0
fe6b6f9e486f41606802a5e09ec6db0ec48aed12caf895fded57d91a2f29c188,0,1
4b49f929b50caf7ada60f5a1ded821695c75a4b703645af58ea06afb028a0058,0,0
99684e9350cdc761f83277e570f9bca54b786b2ae0b56ca4f30a8d8e65769192,0,1
c92446e73e190b1361df27937219196723f1cbdcc24a5f4f5856bca9fe788aaa,0,0
57d36df3de6bca69ac81f700ba5d7c36e6c45d236f29fb250783cb509977b4a9,0,1
edfe68ff4c9df78a82588441b911a72ae8bd78fb440d3a70692a567d9c13b2fc,0,1
2965c1b6ab9d1601752cb4aa26d64a444b0a535b1a190a70d5ce935be3f91699,0,0
2ddcb1dc466e22388485118bcf3089014348881c4d315aca452c6bb44b6c7bee,0,1
c21eaadf9ffc62ca4673e27e06c16447f103c0cf7acd8db6ac5c8bd17805e39d,0,0
3a7f2746838d785a45a9fd3b02829f7f5dd3d0ec122d6be69fd1ba7225454910,0,1
34acd44b3c913f6437adee6df451af2bd5d8f2ab30bc8a7b044c2662faa80278,0,0
650619946a36ec2a6bb74c95a69cd485b60e38656b67f7d814692492bf51c409,0,0
1ebf3eabaf3ea08c45358ec57beca27de44d53cee2e5a8d545da9f75696d1fb7,0,0
c9d5dc956841e000bfd8762e2f0b48b66c79b79500e894b4efa7fb9ba17e4e9e,0,1
97187a61b57d238bc7fd0092d570c5ab0cfcc132cf3b0969e2f6e4190b1fa942,0,1
d2e13a98d3e331a6b002fef5ce027bb8849a35b79e1b81f838896ee85abfc552,0,0
cebb47280cd00814e1c085c5bc3fbac0e9f91168999091f199a1b1d209edd814,0,1
e5f0a52ca24ca56f8e30da29cebd0bc0030c3a0f1c2ac54bcb1a09fe001b80aa,0,0
4144820d9b31c4d3c54025a4368b32f727077c3ec253753360349a783846747f,0,0
837485ae1a0d843692bac9f91ad3f3c77f576414c2f1abc477b053dbc3302939,0,1
7dde04222d364b6becbc2f36d30ce59a5ec25bf4c3577d0979bb1b874c06d5dc,0,0
6ac981d137569bf3ea8d8d929a2e8c63acfbc7bc87de8521b50e2874990d5f2d,0,1
f6b90315124d45c925812d043f5a98c8f9625449c312f22b3b64f5afc6dbf7ee,0,0
a4d70f2cf36a00e1985a1275020078c8c4fb472c478aea708cd271ee4163009a,0,0
32144ba8370826e069e5f1b6745a3625d10f50a809f3f2a72c4c7644ed0cab03,0,0
373d538c75193ce514cd9ee6315dc30726a5caea3fb78ce4787465c9cf4a10eb,0,0
de83b1abb48913e8f7bdaf53351cf8a367c4bb83d166ac0667eea5e5af501525,0,0
1cc5d9c633fa2dd99503903a8d5a67b3cd9dc605ea01131f9a7f481545bd7aa5,0,0
a1f3d348e433e89687fb4db003e2f9c15d808b28412729f72373d99d53a01a6d,0,0
ef393ea4f3e9ac177593470d84cd4ae6af496212c2a8a5c489e5d34b7e4e5c78,0,0
99e81931c35bf855974b6625100c645b970b2f6307f27aaf78f636469ef00957,0,1
416b97dedceabfd94cfb32315f1997611d6530a1bec939959a1b0c504a63b224,0,0
bec93b84ef8f4e33ac41f97faecf87d4e840c4f7a26433baa63405c8535c9e5e,0,0
69cb0c720dda9b638a491ad056491c44d31427e88c7bfc7ee20cce60d810f346,0,0
75ca2c792d1d92b1d0888cb9b8d59b90c86a455ec251d5bf24dcab33525f02db,0,1
4e6b30db935e41231a108cba1c5d4cacde03cf262e9e85d24387950ae5a369c6,0,0
466bb7da773c7c200f87a8a06f143c6c6856e9ebc4347eb4afb096104bcd97b4,0,1
b690394540cab9b7f8cc6c98fd95b4522b84d1a5203b19c4974b58829889da4c,0,0
1f0ed53e5471dbafad18fb9ae4abc97cd8bb0387b381c68244478558d7247c7a,0,0
8cde65e4091da0b5e51df00ac2fd604c89e3256f372a8757c94910228f90ce6c,0,0
e9c654f8418ea70eafeac825ac160206c19ee0dff57e5d844f69e734e234aef5,0,1
7dd27691487411149e7392314ece911f62867b894f61e5a706f9a9ac60a4f7a4,0,0
8b4a4918b9eac70478310878450dd6d2d12c3bcd7203f5c3ce59079cd0dfc95e,0,0
a47e5864134d5b3f2b5e6730acbd8bdc4d2f0b1adb815837995cbf1c7fbb8a0b,0,0
f27593fd1d391f9925230a1abc12b8f3791fc43ea980ecefa281147c1070b00d,0,1
c49fc7a15f79164bf20f31e7701996ba02390bad45a83c01be354e8d54c772a7,0,1
0963ba541d56b9805713aa13d955b91f6bb875318698ba6119d5944d68c45afb,0,0
4123011354d8259e919fbdf605be1973a79100074959dca9d0cd1955667b8e93,0,0
8d587560c2e7448179625d563831e7d98ae27fa722918eef0e0485045181560e,0,0
10d4cde5705c0dce5c521cbeb32da3ee22b5781de875112eba6204cfc5394d99,0,1
db0b1e267a52e77e3b2dc8948a601598feeb2b5d0082155bbe010f46f2a6a512,0,0
03aafc5f468a84f7dd7d7d38f91ff17ef1ca044e5f5e8bbdfe589f5509b46ae5,0,0
cb24bcb0abb48a8e21d48cadec15be0bdf390b19c00285d4cff51ecbcf45f51a,0,0
27463bcb4301f0fdd95bc10bf67f9049e161a4e51425dac87949387c54c9167f,0,0
1268493356c70816d111bbc959eec555d58cc8f1b18bbbd4c5179355159305cc,0,0
76f52b8a4701d01ac1a5a5c7033b3635c8a8f44a85c98084841763b947aafb52,0,0
dff0fee3bef9fa2c9c08a6d2c5772e51c1d29522de19301fb389b310e481713f,0,0
e458031e9cee02dc4b7a9404d6dd3fcce5169ab13ca3e915357d45816af4e9f2,0,0
90072aabe5a0438f0e58bce82b4cc294655887465573d934f7c03b5851c0676e,0,0
a3d488b01d0fb4cf211b8a47e7e0203dbc9c5b8d11221d2d4fefac3c53e6b049,0,0
759e405351e6de779757695cc6fb1bce3cc6e3bb3ee4d24778d0cb2070091681,0,0
567a50a08529d19f146c1c3eef09d22679a358d15fdf6f508897b35b95e75e6c,0,0
d02d16ca1d1f4e05f98771fabe09dd1ac16ccf7031e2652d29723af35d3d9e82,0,1
c3403329334b5f7c77ae5791999f84bd1118176350cfa14c028a5318d1220930,0,0
f23b384c2f44d7be20389a8f0d9688f650f6b88f8ad370b28ea16a3c36f758d2,0,1
d892cac17339fcfe4aca03980b590bd029e519e4f92f46623bf4e862b9483fd3,0,1
e5dad9637e84732d1e8b0c9973d4ef14365f4f300a966a4a3af6ec1c45cc5683,0,0
051f9ff45c531ad265489f563e6babca55f4a3f94604ff56e37140743f30badc,0,0
a3f009c02100036191b2211784c843da2ea9f3622ed45cb7e6a57ca835f9a933,0,0
50a9104e02e2fc6a1c3bc9b4f4e8be10c52f2c1c6943734c6497dd7ed4ef6172,0,0
4672f4ebe2d93d52424a92298740994daf232b07e68c13ac88d80f5c64cbfea0,0,1
2e0b30fb6220888fa619640281cf7409ccf7fc19bde62aa9776d8449d82d2323,0,1
73d3ae3798e4357e9a162911530f647dcb5f5e07aadad6c9e88a7237135daa56,0,0
241185db62ac2be5cfe6e4e3c576fb00bc86c76122a6a378e9ffc65d2d5366b8,0,1
f9f2ac8167051aa7d2c38044cbbbd5542dd4901593aa0dcfe1a6ea9a92850da7,0,0
c62de4a72361cf1db38ba8c4f59d386f0e1c02f190cf6c8698ae3a14295bcb04,0,0
959612f2a9a8ce454c144d6aef10dd326b201336a85e69a604e6b3892892d7ed,0,1
da48960557dfa3aa41b09be150ce662daeb38133d981baea15bbac02fdd9aeeb,0,0
f40ca2de6f1010a3cde815635cf5e1898095d97d27ca7b03abc9a76ab8a678ec,0,0
c6dc46d2d44d08dbde58abe5f68a338647e34a94f53b0af6fad4cbb0b9e56b97,0,0
44a700a18b4cf050bfde1f9218b822bb37c770d16431052bf827f2544cd51ec0,0,0
7d39126d6ed6dac39a23dcc0b9df6d0ae5124bb443489ab6e889f49cc1012e31,0,0
b41747714910cee5eb306f61dfa61dd5c3c72450a60fc36280b8d7fd0643b54b,0,0
f9f2b38e11402b56fe05127bf0e688d74bb6e55834b93b7a0f6c61174670177a,0,0
f5caa7bc9098f04fcc8c14cb65943b8c2b711901f4732f6496617f13b8d2ef7a,0,0
f6fb9f851ac2ad81a9f990a75a663bd6ddcebdcfe6a3b7346300b4ba47ed6757,0,0
36f53eb7ea9e049ab589b69f748e4098be5f51577c3b881cf95d7928d19fe68d,0,0
0877c8623643ccced5a400aaaf0d13f687afbed382074c70f25d18b6c5af9a3d,0,0
98984e850a0e610287d6aa2203b203659d645b51ad1f69be9698bef25160909a,0,1
a415d5f8eb12b55ab525b79869b00d037a66bb01b780b4cb6b987e5fa908cb90,0,1
32d7c6dada634079734852c1c9032b2d2c9184f71f4e0571bcfacc02997ba10b,0,1
391adffdda738ce1d1179e715655b0baafa2505e7757185688b2e3092b8b6b2c,0,0
bec6fd77ae63e20f319279adcbcb3585055a85496923d3aa7e5ccfaf40fdfe9a,0,0
ca42a173acd560863c6ef759e59a7e2f6c4761c0c5b8b2f1e8df3376c3234824,0,0
1877a5d2f9c415109a8ac323f43be1dc10c546a72ab7207a96c6e6e71a132956,0,0
325b2fb59e50a5a65fa00dde4b49d285813d15c40ddb61c2d8a5f13cc1f6f0dc,0,0
557647451b5727f7bb56fbf4f00bf29b103db0022b5dbd9741dbfab4bc1def97,0,0
a8137d09f5225c1777a5001f5178e64c6cbdc9db68ee0130375b5454a06c7331,0,0
3f50ced416c9d7feaa0ad6fb16be1f1289590b497024e20c34b139c2b5194e7c,0,0
13f087899a087642aa5870f67afe6712b3764d1c01d20009db6fd63672c980b8,0,1
801a64a730fc8d80e17e59e93533c1455686ca778e6ba99cf6f1971a935eda4c,0,0
1b3ee0274ae0ac0b83dba7f95f00e2381a5d3596d136eb1fac842a07d8d25262,0,0
e403219d739eb5c954a32512daee09e6fdd7303a2e2e7e131593690beb2ccdca,0,1
6ad0190caa69dc0d662088f86aab7ee3355e788b1196552dd7487f6052150d8e,0,0
c333a38ca6e76da8db172d4b5b7e7b8d1fafea4a14bac8bd5c36c0c57f6e3f27,0,0
ffbfdf9f7eb0c371b50ad5b2667f8adf92da4bfdb54c898f5eab966a3e2d3c39,0,0
ad5ce793bea64ed9a416236d1e4b99b021a771e5d57a46b97cf1e288e5617132,0,0
6e88578fc1a859d499d0bce33ac277d60d0d2387931e0743277848a041874795,0,0
98c37c3c23bbfb362dac7754c6ba48e75cf24d73bc963a4cdfca557b9e016909,0,0
3d40846f4e20e2ca1dbab1a480a6ed9987f2c236b289122d606ecfac3299e299,0,0
774514b6843f859622a4db0322f5c8691b63342e59af6bf4c7ea4865be3a7de3,0,0
efde2ffa60cc96325c46520e818c6001a5b1dabf7f21626d58f67d7ed3c52761,0,0
fc06d59bb851931847ed60f30842487f0831daa0e3050ec2ba71a6270c583e89,0,0
615c28236dc561e3866a2845bbe3457716bca0d98eb9c13a315d6ef7fcc9beb3,0,1
14a5c30f0e0a2fc7dbab3c56f90895133d002efcff61deeef6c06597529bea5e,0,0
c23039cf2f859e659e59ec362277321fbcdac680e6d9bc93fc03c8971333c25e,0,0
31a1336f9998313bc33db0bb58ba1c8de5d6d806471f8a3252c858ab073cdd07,0,1
ccc9207a21ca1459b135f9afb5afde72409eda7a36a83441ebf5828a4c8434a0,0,0
4f75cac4e70bf7c46496f173db91f77deeadef20aedfd70360b82b9ef122848f,0,0
4365fb820df115343e160d8b32be23615a032d1409ce881d4445a4b9261d79ad,0,0
7a4852a81bd546297efb821398609004036aaf578ba7b1488cf98ffaa276cde1,0,0
342f9acdb9b89e963761fea283daccf0c7cacaf513a46fd09d9cc89223b9d978,0,0
4cc5c6bd9984ba49dde35639667ffa758d58b5e15a51c51e019c0a5aa6cc2a40,0,0
3fe8c79db8d4348d6a682f37e27991b865435abe33500db8ff1b624d92682dd7,0,0
7013c0ed0a1a58a36e80c2a8b6a560fcf301b895695e9df97fa85621688f7eaa,0,0
ce5f43f3bb7a5e6e7cf89fcea59b8da45c84987384e24fe2b9159fe2e7f35723,0,0
9d4230faf28fc2ca29ce216c33e1aebd572689d437b135f8aa7a80312227f6fb,0,0
b96d6e1cad06cab3424679278f862cecb6fce0e9f9e1453fbbb750688a3af0a6,0,0
c196cac319e5c55e8169b6ed6930a10359b3db322abe8f00ed8cb83cf0888d3b,0,0
b3098b9b3e16856481d195c80f6a6b4bd1841d31b0f3587e3516f847de345682,0,0
b2aa9bfc781973a766cf275836f9fa1cbc43b48e34c46e1d7e1774fc4db3cb6e,0,0
5bc92c5fc35388b6ea7c07390031fee034ed3af30095101a696845efd1de8cab,0,0
5d731406a57beb742a69105397a9db85f5cfccf38a2cb939e45d0e0309281d5b,0,1
f8d11c2dab4587af8236ec6907cf36ed6fa05f4ab75aed9c5347c52fd134a793,0,0
181a57907f756abebecad76f396b8b0f5d6be1902d06a57066ab5ed87639bb1f,0,0
e9d62d3d6e13d08ec956a00dea4a63c9f09de642588dc0419ab06e75120fc042,0,0
5cebc133ae3b6afee27beb7d3cdb5f3d675c3f12b7204531f453e99acdaa87b1,0,0
a52762177877479859e4f88a13f605ad1e69d759019cf49dcf026781375b74a7,0,0
89fb8bde29dfd8e1ec087a757f43a202f102df13e7326ca554c765657b028b9a,0,0
13b8a6786b9ef66c3115b35f4c4a9dfe58df22ddd5ebfcf35ad276a5be83ff99,0,0
262786523f13a3c6e9f58015dd9bcdeeb927a4622718ca925ba3787cf720b08d,0,0
0b9ca6fb32fcde1e6e55e8874982a2a921e73c6ebdf7246177fecf63542a4a83,0,0
bf145d057e0b3cfd96da733c66344a0a07c86440d11bfc907b6bc740bb04dda7,0,0
de6a723a2752bb4f62563cc0f0cc49a8bf5f87ba6ba34e52c3828436c2957b2e,0,0
63e8ed9692810d562adb80f27bb1aeaf48849e468bf5fd157bc83ca83139b6d7,0,0
91639aaaad34ed34a5a44e82541bfad16b4c63f0705ea6ce4cb004b10660d211,0,0
c8292d65dd342c015de4596559d181262c0d40d8353e6e6ba4f72e470b32f679,0,0
b84d90acd1a43e560c7e3ae12922cceb286a30dd3e1cc02089f1359a7286a671,0,0
f3c57637808e887d0c6ae4b4e1b63ab201971d6f12eb1858b1550fc8291cdb86,0,0
8a1da77a8b848f852c32dd98a548d24f40c8654f39bd30ac5c72ceb1e4f2d286,0,0
33a3243659c05ada3a42c846e0af049a8fda6c0d1687d8100e33ab38e2cc90f6,0,1
36359f58c213b58f35367f691d08ddedb276b38ef2c3e7fab1e83e1014a41f26,0,0
f9430b157a850574cb9da58a44c89cd5a2f0fb85ea1d5d4932effdcee2a7e984,0,0
9226407939dc4f0c4d4d2b6f9811a9e8ee8c2b073b9f95f11590dec440253f2a,0,0
ac62bfda285993faf7a077c60605c5c32e13dcca2ea6ca5b57fe23ce2811b9a1,0,0
02815b72ed3449fd6004e007940ea8a8ab09bae4132739a4c7c705c2db0a1f89,0,0
38ce3d3bb90e6ec890d3887b9e460c6f0ea459ae5fb87f583469f93953355e9d,0,0
48f0bbc3b679aac6b1a71c06f19bb182123e74df8bb0b6b04ebe99100c57a41e,0,1
f0f7a1997a1ad57ce62bd32ace27304a6b925af8b63513c8007181e8bb5da919,0,0
f9778c4e07642f5658285e64297c076877633a4bff9528827d0d3c2108259f72,0,0
a2e0fa7251392bb316b8b2678b6e5bcd8759504a4e5a66611a5c324ac4090234,0,0
e7a60eec1f66ac089f13f9478dcf06b922bfe4b4f3a4fbbbf054e3202e58519a,0,0
e9af4018616e4275c6b6af5531bb988431c1454d8567cc4f6c7d2b4dc63440aa,0,0
e94717fcd6f21d121cbb128feec269cc6b82b7c36b224ae04d67ea3713442927,0,0
a4f141b99b50cd537644b334d14575060522ee77a7d362e49f2bdc733379f982,0,0
77f1d83c0e43b4dbb39e93055cb474aca5c6bc7365b4a6c3f8dd3494a0c34d12,0,0
ad4b4bccc23b312f62461e80250c82afd1fe3a0910fcfc94f197d2803bd1c30b,0,1
7186b669182e1a690044375cff136682cbef09f481ee6f5d4d0fd2f043e68480,0,0
825858c467b49923adac73ee23fd972ac5fb709690ec605e153315398b991dc1,0,0
1beb718309c249360873925f4cf285bf83b87ad65fc035f0c03d1d7e519e0f4a,0,0
ff7a8015bcd3c8d9de31be0dfcd07db0d44daa6eb67e85bb5d0b565bfc3afc41,0,0
bd9146a2dfb87cbb8b301917a21dbaa8a7de344f7dffd3899b74fe86eaf43350,0,0
5765f755db1cfb449ba22bafec5b646aebabddb51430a00cf02493aa522ab248,0,0
a9809c4464e571112467e5989d10b59b0af049e816dc3cb16f5b7128d5a3cda2,0,0
f682bdbd612c0215192be6c52f08f10c01e7af9a3136c2f67ec3e7ba563f565d,0,0
8edfaade7dff71f46a20709abf21f543371de0ee61be7b6cec7817d8a170886a,0,0
c86fea2f9545ecad1b6df23e4fed2cc4941525ca3c085ee01002f5c078a2758b,0,1
590d5e0858893951e22e392a7dad76b30765c8fd139ca288efeead9b86836237,0,0
3ccd3ae38824b0b4794d0fbe6a1d50e5340ae060ef748246705efb24cad5e314,0,0
9637b2dcd5f9d5fdc0f1c1104f73f3dbdcfd803cac47196cc94c768c21fa2ae4,0,0
b01780388d276f49b4b55e42aea3dedbda5b62fc7bce21f733d3efdd8ed2cb6d,0,0
ae6b45a92384f6e43672e617c53a44225e2944d66c1ffb074694526386074145,0,0
3eca4278063b047dfa87e109c8b0ee7809f582d96e528c4db2f9596c897e92be,0,0
58a9e1a0558d77473c4bce16f75e403f3ace83910002f8beb233f7ff7cbf5e0d,0,1
560cb7ab7ebc67979def9ef411a6a1f2a90a0d53c2feb22c020f5623ef40051d,0,0
9e5bb975cec2c0969b35dbe5b73c1afcf73cdc9d3dfb21fe2ad7037aacb5b3ac,0,0
5bc8570f71882722806b7904be68c6f909317c3940abb9e3c644f5da7892e9ba,0,1
dc6c608733c5ec00633c9ddc9e79700719b47eca72c19d6dfd0b0b590830faf6,0,0
d344b132097288f944aa9bb57835f135f60615438bc94e2a232dee308a21805a,0,0
676c558e9481bd508446dbb2d40b1f26c246fc5a9ec9f6d89c1344cb74be57cc,0,0
a7b6df70e23250a6cc2cbc032c7015eff9425725b5e85d1534c84f89e8ff8dea,0,0
3de4f547b6ef69c9d60c1670d9dc93807eafeb15ffcf510fb1142b552b7214e9,0,1
f38b52777796f413a8cf7333a58a3cdbc4976855a9214d44b20a999a76395531,0,1
61761832dbb347cbaa778d8067f2ab2b0e7670b46f6c8287ca6115e6a6a2372d,0,0
643c66aba4481abfa7f5201653f3383c114b00e06b4242e94931598ab0bcb51d,0,0
c6f1a8f9ea60286b24db87d6022991a4342bea473a520569b996a5883332788c,0,0
feca8db35c0c0a901556eff447c38614d14a7140496963df2e613b206527b338,0,0
ad410f7e25082e139b433814c370750ae74cf43727486cb2e0b35ad88b2c0910,0,0
cf57463942c165c613168f5c8e68e8e48bd6cb9522fdac08249e9da4e09e3748,0,1
3e49de7fbfb33c3ae715f948cf1f65d1eae5f4527c2b423be886fe7194fc5c34,0,0
0cb82719fc06867ca9a896eb878474efe4245fc9c25f8c9d5b38eddde3c2a5f6,0,0
e8b2a89ab2a736a34426da9ff4e55b9ca86df7794bfe6d3a2f9aab81bb787b52,0,0
80607067fdcdffba9fa52c6da83bae7f164026811ba21d077e55b263d926591c,0,0
49f7c45453c3a478393ff841b0423ae011d1c2ef26fdf6b9ca4009e3810d9d93,0,0
05e2912f2a593ba16a5a094d319d96715cbecf025bf88bb0293caaf6beb8bc20,0,1
dcff19fc193f1ba63c5dc6f91f00070e6912dcec3868e889fed37102698b554b,0,0
21101ae64d881df51e46be9e4f693a9029862c5dab8a53d504303c53a5d1d7a3,0,0
7e732e41d93b613cac1ba979d7f7c98c8603f65a50bbf6b6198f1ee396dc7174,0,0
b4bd76150a5011a8ee517f8cb22b373404305648334ccfb195e5fb8939538e2e,0,0
dc03756c6d41d9f989dc1252350b65c323d7ebbeb6ee025a113d306fe526a5a6,0,1
6aa8a859fd6d30d544269056930f6528dbd840fdae098842bf674e8d62bc8c05,0,0
14108d6bd2de2eb4638778f075e58585767edd1b40b6c2956d99777967abd828,0,0
060764506ad9134d5900fc0cd160fc14de80682f1861a3ef084c7c91a734881f,0,0
c93a654e21e61a7ae325447091d0f64de4504d35589f60aeb2502fdc54268d8d,0,1
6b3b6ae4dd02cbd4a01075f0a3d92412c338368e281fbb7f413ebcb9d5a79990,0,0
16bfdbbea405d961db3e57bbd3c90111a62a0b1aaeafcc996bd5b26f08f31418,0,1
63e63ffb95be2d5b8b7989a87c18aac16bfd0621209cfec55f8f63decc8a371e,0,1
902b1ec33382c0d4c941e005693c0ee83a9e0b46ab1a994171202c93d636ea38,0,0
8f33cd4cd932d5f8e4c412585c5ed864418ca084806cb8f95646e4b5e5a6e909,0,1
446bbb96cf8518d60d652ba8df0bbaa78f5a23ac1abdfc93d0182d3bcb06bf4e,0,0
236ba1b13c148c496198607fb1ae1f2efeccdb90f56fee813de8d96876731503,0,0
d117f019a9a01a862e0e258db6eeab2223c7baef3ab31f4e54ae7d9bcb6262d9,0,1
ec119c3389f145f2167d10e5cba67042a0cd0db8265537ea72c2c9d078fa2228,0,0
643a99f14cfe5b4a9ca9dd5a30480ee9c115e2dd82478a725f20988241958a67,0,1
7db60fa41226602b7b8d67e59ff398feeba4974591d9c6f6ef8898118122c7f4,0,0
2d0be850cc137540d163e9c035f4c99f27caa5bb8cdb1cea6182b5da49cff0f2,0,0
c45642a5e4616d99b1cf1c12ebaf836ac0b41572fbb013c3febadb7d8f75b2fb,0,1
329fd7731fe5e92d0e4faaa8d91c5d41758be01ec9e64a8fbb37ae5ae9f55ad3,0,1
68e7f0efd22541e0d97eb709636b78268ae6f2464672dcb91a4f3d88dc4be019,0,1
14a22f11c0121492cfabc529bcffecda5d076e79e459a87b87e6db7c20b6c89d,0,0
7d4e44037e53b6e5de45deb9ee4cf5921b52f8eb1073136f7c853e6f42516247,0,0
df029b80da7bd51216bc143caa362e02fb88f7bd00349a95b1712af3c8d3d96d,0,0
a42030e9b290413b58d8507a528c1e8fb49f9d602ddeeae9c03785a1f1e8497f,0,0
4e4bdaa67c368ce41f8d4ba8fecedb9a9d6177a9ed9e0ef45312c9c33ee4394e,0,1
f1feea63da7c0f3a9d6eba3e33f10bb884ffda1b68525edf569798c1d9aa0b9f,0,1
28123038d24ef74a396a2a88700f947bfa72cdddd6bc56524c113a529a3423cd,0,0
619513c03d1cd8d0302ba564d6e4252316a3c265110fd0452d018f43f7e72fb1,0,0
5faf76b8b06c727a08b34e456ddeb792797fab734cbd878136d85a1f767d8875,0,0
bd6ad41421deec0ce042334519b47c212592044cbdea2fdfde2d385f6d1b530d,0,0
278e9d130678615d0fee4d7dd432f0dda6d52b0719649ee58cbdca097e997c3f,0,0
0afc891b710b2fb08c6a7b15b0250ce0343b696f9d52bece0bb68fa9e1c62b24,0,1
163e7330b1c7e93c5f03f9bb732d0cff6b88c2df29504a3696b396fc8f7a9e1f,0,1
5b3e07ff6d930392b8749e68a54b1e04062794d1dafff226fb61ba4baf8bbfc6,0,0
c9d63df38d0bcee81ecd45e68a294fb59ff52a884bccd1b47dc23d84b7412ff5,0,1
722b179b39fc0a4556b2d92d4066a17b5a3e7dde0506a5c51c9304d1ba11118f,0,0
3919d56109a3cb0d4a1ccde6bffb61573bbb44cb22e7714ff2d57733abbe74f6,0,0
4a1c9b93147e641b5655fa4caae238aa5d9ec22048f64b7e5a875ff14d7f4162,0,0
239d71eadc647bad458c0115e55820b648e082db014937895f835601beb7e3b8,0,0
3c81f658aea68df6aeac3a388d0a57b72874631f5f916824d45569dfb7382703,0,1
53c73973d20bd7b826697ba2548de7003adbb1708403f0c7e7861c95d94433ad,0,0
50267aeb0e7618fd4bd3a57f2c6d2ee5bbd3e7219f3291d9862c1b65b83ce481,0,0
c9c22572a5e699ee0a0b405eb6663a726ef1ce26e8192ed12f79a67864e06813,0,0
cee21b4199974ba8b4c77bb9dff62bea9b87bfde9df4c89072c3d12472f65861,0,0
406e73948c78b1e692646ea0edbadbb366bede04036114ac2bf86c413d4d4132,0,0
558e7b6df77b986f4213a39ea5aee28f56cc2110277746d08bb65e52256d1cf9,0,0
ff0ceb9b926818a34408fa8d1b53ac6f1e068d034df5905a01bfa667fa14f527,0,1
7ec61a2f01663a9bbcad9cc1db923780cd2b0443ec0787c07ecfef0abbfa1c34,0,1
a722e569e19174d0767b0f4a4ab1e20a7159ba81820ad7405c0871d64ef1f551,0,0
c440d70db9e1190500bdde5b1613fd4f7014131a95032868836203d68ba187ed,0,1
1fe28cf9c65befa32eebcacc03a7c2605b7319457b8dc40278669d47c79c5dec,0,1
4b024f439385e7c1e850801526c58c9de201645a82b543f52e8b46c465c6f94a,0,0
4af18b2314609db33db030b963aa1d9a43cbb627472ed8f9235ef476236ad7b6,0,0
1b32e6800b3a80e74f135b75925f3c1e081662adfac53262ec9a8a830398ff64,0,0
397f443e3460915dad19af1af2bc75ddb41e79e2a5f52ffa423fce76e15d3417,0,0
8da0c31bb2aa6cf210be0654e24d19973a4deef9252018fee3fbbd6a7fe71dc3,0,0
1c5e3ba213706b8369ca64993ac46740f5004c8572de2462608ecb0977c51614,0,0
00bd90d8deae6ed682e7967e528dcf43d84937fb67a829d72cb67adb908e48b9,0,0
4f7421106f0de54fe018c32323440b7297350183035dac271cb843da27f88041,0,0
1daa04c34d2f252f199403f2f719f355b020921bd3280e2d7676e59f6e7b802e,0,0
626eb96a340c865ea8ed721c94fac4504db147b0992e0190438b7cc144c05614,0,0
c236559a5328d9d7106b224f2ee2f1a4e9e6dc5b25bba9d0c615ed74eec3d269,0,0
02835ece100bb06ed759f9fa434151870e39c3ad1e429c6aace838e918b43a1a,0,0
5859e3fffc947cc9ef8787efc622d525347fdded3a6518ab55406228eac563ff,0,0
f76dd93b10fc173eaf901ff1fb00ff8a9e1f31e3bd86e00ff773b244b54292c5,0,0
527e57759cc5f5ff21643edbd6250acbe99421fb41c9c6aa9573e9e5fa417026,0,0
c50a48ef605b1f57f37afb883d643d69233cf506065d2bf806dae639cac8c264,0,0
bfbc50ce93a2610ec5be137d07ee1b47b2511d3802771541c8842e2f3a908c23,0,0
5bdbe1051db1111da711b42cd47bd6a031a2259b45580621658bbda82092e16c,0,1
9800f150260e81623b067ea82b7fc07119f6a587ad39e1572d611612b5737ba2,0,1
705404d6bbf6dae254e2d3bc44eca239976be7f0dc4d49fe93b0fb1d1c2704fe,0,0
12b41a5731bb280b1393e14f3354a85be0b70baf82e2ede2f6565ded5d2ac718,0,0
5e87701df694fb41aaaba820e581d2ddfd65d9d6ef28e972ecf18b92f40232e3,0,0
c833d8dd82658cf7507342036d39d9897dab74807389547b46c869b361355b27,0,0
c465238c9da9c5ea5994fe9faf1b5835767210132db0ce9a79cb1195851a36fb,0,1
52de57d6ea3174cf2463f5d32abc7c61d0f0d461c3d543e968a5c09ec0740ddc,0,0
14da1add073c48c57da5d14ab55c461bca2ece5d06d5a3d563f14eda56d806fa,0,0
1e3732e455592c5cd6e787cbba24217856f3156c65b9cba444b258e4414039a7,0,0
65d25a86feb6d15527e398d7b5d043e7712b00e674bc6e8cf2a709a0c6f9b97b,0,0
143160f9d34f9e23433b78c2c820906d2814ac17ce625bec423ee547290f1184,0,0
ab1b410897b2d2fc56e7036fc5bc826ce142bffb5fbe18d94c1eac81445ec39e,0,0
d9f7859584070cd1d978d0d61c910b58489696807b714d56241c9f633b3785f7,0,0
012fe771283404e5231ed2f71e4932674f89d52aa93608bfcaf67150e53609b0,0,0
0fbb47373b8bbefdfd9377dc26b6418d2738e6f688562885f4d2a1a049e4948e,0,0
85873815509f47a6027d2ac3b736d62c1c4dc7747bba67e7438f08dc30406241,0,0
185fdab34f53a8a49276ef78a9dc7c4ba89a231eb3b843df6ba241a292a82adc,0,0
a0c1e35d61b70b0f0ce59e019750617e5f3ab9add117abf3a33ab7b0d784c2bf,0,1
aded00e1dab93e15161dc14206d75eccfb4657c360e7e13b6101e00ef26e3399,0,0
b4e93bb2693f2ea647c42c7e4bd63ef0ab61d6c53affa6799a52b06d8c99f719,0,0
511547a74092bd1a2f08be47c5cac49b69c8685ea17d21f7f3fffd912e8fe6d9,0,0
f7f97a9c180534e8184c006a0ef24a5609e84fcd33047151d987138bbbe96ddc,0,1
06b883f27497b09bfd58240e16b4ad5310669df179ed9034e368b2afe26b7a24,0,0
b65612b87d0f37bca1880b50758c5b7b61ddb4b383ad3f8c4c28324363ee4ccc,0,0
13ea0b029b797ca222d54f81a22623719bc440a89cdd8108611ab2354152297c,0,0
2cb5ac355310c95b3792acd173bcaa0081219646d2951cc0a3e056d5152e4a5d,0,0
c034290bd4741dfc28b26057f542cedf601ed1c84f61ceb133a2ae229e2a4c34,0,0
2a48fdfdca11ed1c16475d793bcdfc70ba71c972e7381f4e6826b6f3cb2f2793,0,0
cb8958f15f36a7ca82693aebcb0f2a054e8f4fd750199a17bb4b39d2afb88a08,0,0
e0d38aa12eb358af304eba93ad8c0a6ade33aae74480368943657729fc6c1213,0,0
646194791590993c21a49e16465c245094e288c077d1e279258c3d22de0febf8,0,1
3f17aadb4a41292e7b208a467f3a8be3e2a88d77a23cba54092673dfd3dff155,0,0
1acd0212ee970abfea717c2eac9a73613787f86dab42298f1d74a06f79554f0f,0,0
5475ae24c4eeadcbd49fcd891ce64d0fe5d9738f1c10ba2ac7e6235da97d3926,0,1
d0e526a19497117a854f1ac9a9347f7621709afc3548c2e6a46b19e833578eac,0,0
f2c527ca7ec01dbc4bb0e00c0af0c01c0ccedf54d07847f6c682d51cd746ee5b,0,0
ff6c3571b895e334dfc28e9b2915f09f97015c420dc55da18804551e4c2f4aa6,0,1
f690b329b0c17e8f9f832dee6d57b644fb2c476877337661010461b0f2b1a6ea,0,0
b76a6090fdf004fd6d6e94f3dc90a7c75fb136f2b4d2fbfe6f086166c8db5b08,0,1
fcccc611730474775ff1cfd4c60481deef586f01191348b07d7a143d174a07b0,0,0
a6b6c66735e5e26002202b9d263bf8c97e278f6969c141853857000c8d242d24,0,0
f6ad1a62033f3749aafd97dd4f345a47dddffd3465a7d8b3f1c838427c25aab6,0,1
c5d3906f7c6f39c16bb9b3d8061026d06f8a6dbb9a363fb190cfa476abde6a76,0,0
a80c2f39bf8f0c0c6745c4e0fa3c00aadbd6571229f92c3972b74cbd3706f3fd,0,1
6929c66312fce3ba740040dc0f0d98ce33fd0ef777930d8b69d9cddf19491e60,0,0
0444af26647e6ca5ad5d0e1c48401a17ccbd162bf60dd37e5ace9e8be63a3ac1,0,0
48f8c31530d621de0cb401fb32c282eecc91bdac602aac9bd4ddbe8c6a6ceb39,0,0
cb0966893437f5c00180202c2061b6532a8d8487dc2c69bc8b297ea08d2ed180,0,1
6f992d2e6a805dc04ea01262328f4e34de31322be3cad3de944c0bdbd1d7deff,0,0
b3d3fe54f71d41414232c342c37f539651ae3ee49ec2d47789cd2c71c6271b48,0,0
0845bfa3b949b34b94376f62a033e4ea4ab21aedadd82608f3295831877b3bfa,0,0
854b64155f9ceac806b49f3e352949cc292e5bc33f110d965cf81a93f78d2f07,0,1
a4c87cbb65b9c500ef54a5f201e1e7d02373465853c63397d7db6f2020c7c068,0,1
aad449dcfd2915cdae23b15062e34a78b21d929c584c18835c0f5dfaf9089a4a,0,0
cca3eee2650d20cf1bf50b76e7f97a3b0e26caff3af8546462c92f2e73d730f9,0,0
06a07e78b844910886c95d493c0a23cbe3f27422a436afde35f6bbb1ed8fe620,0,1
bcd74869fed12192e15d27254f6736621a82fbdcb555f7a258d0f2fa99eed36e,0,1
02922c5d994e81629d650be2a00507ec5ca221a501fe3827b5ed03b4d9f4fb70,0,0
75c3b22899e39333c0313e80c4e6958d6612381c535d70b691f5f42afc8c214f,0,0
d8df60524deb6df4f9ddd802037a248f9fbdd532151bb00e647b233e845b1617,0,0
356e1ab823280da9bb70bd8453f318e22cb7de956917d6eef419db274a3fb590,0,1
eb199a20dff8d125a89fa20d3da40a8c59e915c404e367365bb8aeafec80af4b,0,0
67d5a5e1f737776f077a886fdf984b0cee6478dddfd9fa65619dc9b8bcdd1a35,0,0
1260591de4e6565f824b5a61b5d782957850c7a8d84aaa243f907654995e59a5,0,0
d1422fbd553cf90fdbc8b5f8310aa4cbf88a934848a12af52fb2314f06f67d9e,0,0
5664aaa79fa893fc10e77e79cb566a5d1cecc4cd58f58759723ae1ad3709b7fa,0,0
76b3f7186bd9e6b24b708fdcd9283b824c1b42f562979e28e5d1291e56090770,0,0
c4ba06c532ebfa09645211030b898ac4e14f1dd9ba48d4b94b23c6ded49d54d2,0,0
7ea4591a4ba94d2be4346b3af502bf6d34bcf98ae05a040907c8d7bac28cbc01,0,1
d8aa8a0d742378829d652e7bc112657fe5b981ced2ac8c7a66745fde52a7800c,0,0
